area,prov,dist,code,area_name,codename,rowtotal,a_15to19,b_20to24,c_25to29,d_30to34,e_35to39,f_40to44,g_45to49
10,0,0,-2,"Nepal","Total Ever Married Female",6145038,213320,920664,1170480,1120279,1080094,903283,736918
10,0,0,-1,"Nepal","No Birth",0,0,0,0,0,0,0,0
10,0,0,0,"Nepal","0 Children born",5736915,176327,769930,1049382,1058126,1054749,895365,733036
10,0,0,1,"Nepal","1 Children",403324,36801,149427,119668,61225,24842,7638,3723
10,0,0,2,"Nepal","2 Children",4786,192,1303,1426,927,500,279,159
10,0,0,3,"Nepal","3 & More Children",13,0,4,4,1,3,1,0
10,0,0,9,"Nepal","FOR BLANK LINE",,,,,,,,
10,0,0,10,"Nepal","Both Sexes",412935,37185,152045,122532,63082,25851,8199,4041
10,0,0,11,"Nepal","Male",218074,19034,78890,65140,34172,14162,4438,2238
10,0,0,12,"Nepal","Female",194861,18151,73155,57392,28910,11689,3761,1803
21,0,0,-2,"Urban Munipalities","Total Ever Married Female",4134946,125392,578051,788603,778242,748788,620764,495106
21,0,0,-1,"Urban Munipalities","No Birth",0,0,0,0,0,0,0,0
21,0,0,0,"Urban Munipalities","0 Children born",3878850,104569,487236,710031,736137,732136,615902,492839
21,0,0,1,"Urban Munipalities","1 Children",252939,20721,90060,77659,41446,16271,4636,2146
21,0,0,2,"Urban Munipalities","2 Children",3148,102,752,911,658,379,225,121
21,0,0,3,"Urban Munipalities","3 & More Children",9,0,3,2,1,2,1,0
21,0,0,9,"Urban Munipalities","FOR BLANK LINE",,,,,,,,
21,0,0,10,"Urban Munipalities","Both Sexes",259262,20925,91573,79487,42765,17035,5089,2388
21,0,0,11,"Urban Munipalities","Male",137981,10643,47733,42657,23293,9477,2812,1366
21,0,0,12,"Urban Munipalities","Female",121281,10282,43840,36830,19472,7558,2277,1022
22,0,0,-2,"Rural Municipalities","Total Ever Married Female",2010092,87928,342613,381877,342037,331306,282519,241812
22,0,0,-1,"Rural Municipalities","No Birth",0,0,0,0,0,0,0,0
22,0,0,0,"Rural Municipalities","0 Children born",1858065,71758,282694,339351,321989,322613,279463,240197
22,0,0,1,"Rural Municipalities","1 Children",150385,16080,59367,42009,19779,8571,3002,1577
22,0,0,2,"Rural Municipalities","2 Children",1638,90,551,515,269,121,54,38
22,0,0,3,"Rural Municipalities","3 & More Children",4,0,1,2,0,1,0,0
22,0,0,9,"Rural Municipalities","FOR BLANK LINE",,,,,,,,
22,0,0,10,"Rural Municipalities","Both Sexes",153673,16260,60472,43045,20317,8816,3110,1653
22,0,0,11,"Rural Municipalities","Male",80093,8391,31157,22483,10879,4685,1626,872
22,0,0,12,"Rural Municipalities","Female",73580,7869,29315,20562,9438,4131,1484,781
31,0,0,-2,"Mountain","Total Ever Married Female",335954,15562,57198,60918,56891,54111,49079,42195
31,0,0,-1,"Mountain","No Birth",0,0,0,0,0,0,0,0
31,0,0,0,"Mountain","0 Children born",308340,12416,46455,53662,53113,52467,48382,41845
31,0,0,1,"Mountain","1 Children",27351,3129,10651,7189,3722,1631,687,342
31,0,0,2,"Mountain","2 Children",262,17,92,66,56,13,10,8
31,0,0,3,"Mountain","3 & More Children",1,0,0,1,0,0,0,0
31,0,0,9,"Mountain","FOR BLANK LINE",,,,,,,,
31,0,0,10,"Mountain","Both Sexes",27878,3163,10835,7324,3834,1657,707,358
31,0,0,11,"Mountain","Male",14582,1606,5561,3934,2036,893,358,194
31,0,0,12,"Mountain","Female",13296,1557,5274,3390,1798,764,349,164
32,0,0,-2,"Hill","Total Ever Married Female",2445612,84373,336089,451510,451362,428143,380195,313940
32,0,0,-1,"Hill","No Birth",0,0,0,0,0,0,0,0
32,0,0,0,"Hill","0 Children born",2291246,68464,283208,406594,425523,417836,377056,312565
32,0,0,1,"Hill","1 Children",152395,15823,52494,44399,25414,10030,2951,1284
32,0,0,2,"Hill","2 Children",1966,86,386,515,425,276,187,91
32,0,0,3,"Hill","3 & More Children",5,0,1,2,0,1,1,0
32,0,0,9,"Hill","FOR BLANK LINE",,,,,,,,
32,0,0,10,"Hill","Both Sexes",156342,15995,53269,45435,26264,10585,3328,1466
32,0,0,11,"Hill","Male",81678,8085,27331,23826,14099,5715,1813,809
32,0,0,12,"Hill","Female",74664,7910,25938,21609,12165,4870,1515,657
33,0,0,-2,"Tarai","Total Ever Married Female",3363472,113385,527377,658052,612026,597840,474009,380783
33,0,0,-1,"Tarai","No Birth",0,0,0,0,0,0,0,0
33,0,0,0,"Tarai","0 Children born",3137329,95447,440267,589126,579490,584446,469927,378626
33,0,0,1,"Tarai","1 Children",223578,17849,86282,68080,32089,13181,4000,2097
33,0,0,2,"Tarai","2 Children",2558,89,825,845,446,211,82,60
33,0,0,3,"Tarai","3 & More Children",7,0,3,1,1,2,0,0
33,0,0,9,"Tarai","FOR BLANK LINE",,,,,,,,
33,0,0,10,"Tarai","Both Sexes",228715,18027,87941,69773,32984,13609,4164,2217
33,0,0,11,"Tarai","Male",121814,9343,45998,37380,18037,7554,2267,1235
33,0,0,12,"Tarai","Female",106901,8684,41943,32393,14947,6055,1897,982
40,1,0,-2,"Province-1","Total Ever Married Female",1034684,33376,141774,195319,189665,185017,159655,129878
40,1,0,-1,"Province-1","No Birth",0,0,0,0,0,0,0,0
40,1,0,0,"Province-1","0 Children born",971065,27285,120384,176285,179004,180389,158375,129343
40,1,0,1,"Province-1","1 Children",63048,6069,21227,18850,10558,4566,1253,525
40,1,0,2,"Province-1","2 Children",571,22,163,184,103,62,27,10
40,1,0,3,"Province-1","3 & More Children",0,0,0,0,0,0,0,0
40,1,0,9,"Province-1","FOR BLANK LINE",,,,,,,,
40,1,0,10,"Province-1","Both Sexes",64190,6113,21553,19218,10764,4690,1307,545
40,1,0,11,"Province-1","Male",33057,3092,10938,9934,5620,2491,693,289
40,1,0,12,"Province-1","Female",31133,3021,10615,9284,5144,2199,614,256
40,2,0,-2,"Madhesh","Total Ever Married Female",1264061,52293,229776,245612,215629,219752,162362,138637
40,2,0,-1,"Madhesh","No Birth",0,0,0,0,0,0,0,0
40,2,0,0,"Madhesh","0 Children born",1168797,44103,188595,218709,204352,214717,160686,137635
40,2,0,1,"Madhesh","1 Children",93976,8139,40730,26479,11085,4939,1634,970
40,2,0,2,"Madhesh","2 Children",1283,51,448,423,192,95,42,32
40,2,0,3,"Madhesh","3 & More Children",5,0,3,1,0,1,0,0
40,2,0,9,"Madhesh","FOR BLANK LINE",,,,,,,,
40,2,0,10,"Madhesh","Both Sexes",96557,8241,41635,27328,11469,5132,1718,1034
40,2,0,11,"Madhesh","Male",52334,4265,22153,15011,6477,2891,949,588
40,2,0,12,"Madhesh","Female",44223,3976,19482,12317,4992,2241,769,446
40,3,0,-2,"Bagmati","Total Ever Married Female",1262783,26732,136513,228768,249130,239354,212364,169922
40,3,0,-1,"Bagmati","No Birth",0,0,0,0,0,0,0,0
40,3,0,0,"Bagmati","0 Children born",1193515,22083,117402,206368,233987,233506,210817,169352
40,3,0,1,"Bagmati","1 Children",68162,4636,18987,22147,14862,5640,1399,491
40,3,0,2,"Bagmati","2 Children",1100,13,123,251,281,206,147,79
40,3,0,3,"Bagmati","3 & More Children",6,0,1,2,0,2,1,0
40,3,0,9,"Bagmati","FOR BLANK LINE",,,,,,,,
40,3,0,10,"Bagmati","Both Sexes",70380,4662,19236,22655,15424,6058,1696,649
40,3,0,11,"Bagmati","Male",37000,2329,9817,11951,8270,3309,942,382
40,3,0,12,"Bagmati","Female",33380,2333,9419,10704,7154,2749,754,267
40,4,0,-2,"Gandaki","Total Ever Married Female",535339,16837,69729,102021,99251,93967,83677,69857
40,4,0,-1,"Gandaki","No Birth",0,0,0,0,0,0,0,0
40,4,0,0,"Gandaki","0 Children born",507700,13994,60753,93239,94648,92269,83166,69631
40,4,0,1,"Gandaki","1 Children",27339,2824,8903,8679,4545,1673,496,219
40,4,0,2,"Gandaki","2 Children",299,19,73,103,57,25,15,7
40,4,0,3,"Gandaki","3 & More Children",1,0,0,0,1,0,0,0
40,4,0,9,"Gandaki","FOR BLANK LINE",,,,,,,,
40,4,0,10,"Gandaki","Both Sexes",27940,2862,9049,8885,4662,1723,526,233
40,4,0,11,"Gandaki","Male",14686,1452,4664,4635,2577,943,280,135
40,4,0,12,"Gandaki","Female",13254,1410,4385,4250,2085,780,246,98
40,5,0,-2,"Lumbini","Total Ever Married Female",1126816,38816,174480,225344,208826,194556,159320,125474
40,5,0,-1,"Lumbini","No Birth",0,0,0,0,0,0,0,0
40,5,0,0,"Lumbini","0 Children born",1051347,32610,147324,201728,197193,189881,157877,124734
40,5,0,1,"Lumbini","1 Children",74695,6170,26929,23374,11470,4612,1416,724
40,5,0,2,"Lumbini","2 Children",774,36,227,242,163,63,27,16
40,5,0,3,"Lumbini","3 & More Children",0,0,0,0,0,0,0,0
40,5,0,9,"Lumbini","FOR BLANK LINE",,,,,,,,
40,5,0,10,"Lumbini","Both Sexes",76243,6242,27383,23858,11796,4738,1470,756
40,5,0,11,"Lumbini","Male",39864,3225,14135,12506,6239,2588,769,402
40,5,0,12,"Lumbini","Female",36379,3017,13248,11352,5557,2150,701,354
40,6,0,-2,"Karnali","Total Ever Married Female",352983,22740,70455,65471,57452,53140,45917,37808
40,6,0,-1,"Karnali","No Birth",0,0,0,0,0,0,0,0
40,6,0,0,"Karnali","0 Children born",321981,18054,57150,58142,54186,51727,45267,37455
40,6,0,1,"Karnali","1 Children",30682,4654,13185,7250,3213,1393,638,349
40,6,0,2,"Karnali","2 Children",319,32,120,78,53,20,12,4
40,6,0,3,"Karnali","3 & More Children",1,0,0,1,0,0,0,0
40,6,0,9,"Karnali","FOR BLANK LINE",,,,,,,,
40,6,0,10,"Karnali","Both Sexes",31323,4718,13425,7409,3319,1433,662,357
40,6,0,11,"Karnali","Male",16311,2416,6774,3980,1816,767,370,188
40,6,0,12,"Karnali","Female",15012,2302,6651,3429,1503,666,292,169
40,7,0,-2,"Sudur Paschim","Total Ever Married Female",568372,22526,97937,107945,100326,94308,79988,65342
40,7,0,-1,"Sudur Paschim","No Birth",0,0,0,0,0,0,0,0
40,7,0,0,"Sudur Paschim","0 Children born",522510,18198,78322,94911,94756,92260,79177,64886
40,7,0,1,"Sudur Paschim","1 Children",45422,4309,19466,12889,5492,2019,802,445
40,7,0,2,"Sudur Paschim","2 Children",440,19,149,145,78,29,9,11
40,7,0,3,"Sudur Paschim","3 & More Children",0,0,0,0,0,0,0,0
40,7,0,9,"Sudur Paschim","FOR BLANK LINE",,,,,,,,
40,7,0,10,"Sudur Paschim","Both Sexes",46302,4347,19764,13179,5648,2077,820,467
40,7,0,11,"Sudur Paschim","Male",24822,2255,10409,7123,3173,1173,435,254
40,7,0,12,"Sudur Paschim","Female",21480,2092,9355,6056,2475,904,385,213
50,1,1,-2,"Taplejung","Total Ever Married Female",22209,1193,3614,4289,3833,3406,3135,2739
50,1,1,-1,"Taplejung","No Birth",0,0,0,0,0,0,0,0
50,1,1,0,"Taplejung","0 Children born",20474,947,3027,3856,3560,3286,3091,2707
50,1,1,1,"Taplejung","1 Children",1721,245,583,430,270,117,44,32
50,1,1,2,"Taplejung","2 Children",14,1,4,3,3,3,0,0
50,1,1,3,"Taplejung","3 & More Children",0,0,0,0,0,0,0,0
50,1,1,9,"Taplejung","FOR BLANK LINE",,,,,,,,
50,1,1,10,"Taplejung","Both Sexes",1749,247,591,436,276,123,44,32
50,1,1,11,"Taplejung","Male",879,107,305,225,142,56,25,19
50,1,1,12,"Taplejung","Female",870,140,286,211,134,67,19,13
50,1,2,-2,"Sankhuwasabha","Total Ever Married Female",30145,1418,4556,5724,5322,5054,4442,3629
50,1,2,-1,"Sankhuwasabha","No Birth",0,0,0,0,0,0,0,0
50,1,2,0,"Sankhuwasabha","0 Children born",28136,1124,3903,5177,5005,4919,4396,3612
50,1,2,1,"Sankhuwasabha","1 Children",2001,294,650,544,316,135,45,17
50,1,2,2,"Sankhuwasabha","2 Children",8,0,3,3,1,0,1,0
50,1,2,3,"Sankhuwasabha","3 & More Children",0,0,0,0,0,0,0,0
50,1,2,9,"Sankhuwasabha","FOR BLANK LINE",,,,,,,,
50,1,2,10,"Sankhuwasabha","Both Sexes",2017,294,656,550,318,135,47,17
50,1,2,11,"Sankhuwasabha","Male",1052,153,346,287,156,78,24,8
50,1,2,12,"Sankhuwasabha","Female",965,141,310,263,162,57,23,9
50,1,3,-2,"Solukhumbu","Total Ever Married Female",18539,619,2736,3484,3331,3204,2839,2326
50,1,3,-1,"Solukhumbu","No Birth",0,0,0,0,0,0,0,0
50,1,3,0,"Solukhumbu","0 Children born",17025,475,2255,3046,3077,3074,2797,2301
50,1,3,1,"Solukhumbu","1 Children",1501,144,477,434,251,130,40,25
50,1,3,2,"Solukhumbu","2 Children",13,0,4,4,3,0,2,0
50,1,3,3,"Solukhumbu","3 & More Children",0,0,0,0,0,0,0,0
50,1,3,9,"Solukhumbu","FOR BLANK LINE",,,,,,,,
50,1,3,10,"Solukhumbu","Both Sexes",1527,144,485,442,257,130,44,25
50,1,3,11,"Solukhumbu","Male",797,80,247,237,125,69,26,13
50,1,3,12,"Solukhumbu","Female",730,64,238,205,132,61,18,12
50,1,4,-2,"Okhaldhunga","Total Ever Married Female",25673,1012,3922,4823,4333,4161,3916,3506
50,1,4,-1,"Okhaldhunga","No Birth",0,0,0,0,0,0,0,0
50,1,4,0,"Okhaldhunga","0 Children born",24039,845,3331,4346,4091,4057,3885,3484
50,1,4,1,"Okhaldhunga","1 Children",1625,167,589,474,240,104,30,21
50,1,4,2,"Okhaldhunga","2 Children",9,0,2,3,2,0,1,1
50,1,4,3,"Okhaldhunga","3 & More Children",0,0,0,0,0,0,0,0
50,1,4,9,"Okhaldhunga","FOR BLANK LINE",,,,,,,,
50,1,4,10,"Okhaldhunga","Both Sexes",1643,167,593,480,244,104,32,23
50,1,4,11,"Okhaldhunga","Male",816,82,300,243,111,49,19,12
50,1,4,12,"Okhaldhunga","Female",827,85,293,237,133,55,13,11
50,1,5,-2,"Khotang","Total Ever Married Female",30811,1749,5116,5776,4893,4751,4425,4101
50,1,5,-1,"Khotang","No Birth",0,0,0,0,0,0,0,0
50,1,5,0,"Khotang","0 Children born",28575,1403,4302,5212,4591,4619,4367,4081
50,1,5,1,"Khotang","1 Children",2206,344,810,551,298,127,57,19
50,1,5,2,"Khotang","2 Children",30,2,4,13,4,5,1,1
50,1,5,3,"Khotang","3 & More Children",0,0,0,0,0,0,0,0
50,1,5,9,"Khotang","FOR BLANK LINE",,,,,,,,
50,1,5,10,"Khotang","Both Sexes",2266,348,818,577,306,137,59,21
50,1,5,11,"Khotang","Male",1178,187,431,295,162,67,26,10
50,1,5,12,"Khotang","Female",1088,161,387,282,144,70,33,11
50,1,6,-2,"Bhojpur","Total Ever Married Female",28971,1585,4504,5264,4841,4595,4302,3880
50,1,6,-1,"Bhojpur","No Birth",0,0,0,0,0,0,0,0
50,1,6,0,"Bhojpur","0 Children born",26817,1239,3793,4675,4507,4475,4263,3865
50,1,6,1,"Bhojpur","1 Children",2138,345,708,583,330,119,38,15
50,1,6,2,"Bhojpur","2 Children",16,1,3,6,4,1,1,0
50,1,6,3,"Bhojpur","3 & More Children",0,0,0,0,0,0,0,0
50,1,6,9,"Bhojpur","FOR BLANK LINE",,,,,,,,
50,1,6,10,"Bhojpur","Both Sexes",2170,347,714,595,338,121,40,15
50,1,6,11,"Bhojpur","Male",1120,186,373,324,165,51,17,4
50,1,6,12,"Bhojpur","Female",1050,161,341,271,173,70,23,11
50,1,7,-2,"Dhankuta","Total Ever Married Female",30247,1266,4053,5401,5380,5137,4887,4123
50,1,7,-1,"Dhankuta","No Birth",0,0,0,0,0,0,0,0
50,1,7,0,"Dhankuta","0 Children born",28367,1017,3473,4904,5028,4984,4854,4107
50,1,7,1,"Dhankuta","1 Children",1867,249,579,490,348,152,33,16
50,1,7,2,"Dhankuta","2 Children",13,0,1,7,4,1,0,0
50,1,7,3,"Dhankuta","3 & More Children",0,0,0,0,0,0,0,0
50,1,7,9,"Dhankuta","FOR BLANK LINE",,,,,,,,
50,1,7,10,"Dhankuta","Both Sexes",1893,249,581,504,356,154,33,16
50,1,7,11,"Dhankuta","Male",942,116,309,240,177,71,19,10
50,1,7,12,"Dhankuta","Female",951,133,272,264,179,83,14,6
50,1,8,-2,"Terhathum","Total Ever Married Female",17378,804,2582,3232,3035,2823,2570,2332
50,1,8,-1,"Terhathum","No Birth",0,0,0,0,0,0,0,0
50,1,8,0,"Terhathum","0 Children born",16199,631,2208,2925,2831,2740,2539,2325
50,1,8,1,"Terhathum","1 Children",1166,172,368,304,204,80,31,7
50,1,8,2,"Terhathum","2 Children",13,1,6,3,0,3,0,0
50,1,8,3,"Terhathum","3 & More Children",0,0,0,0,0,0,0,0
50,1,8,9,"Terhathum","FOR BLANK LINE",,,,,,,,
50,1,8,10,"Terhathum","Both Sexes",1192,174,380,310,204,86,31,7
50,1,8,11,"Terhathum","Male",636,89,195,166,120,46,18,2
50,1,8,12,"Terhathum","Female",556,85,185,144,84,40,13,5
50,1,9,-2,"Panchthar","Total Ever Married Female",33568,1840,5316,6401,5787,5372,4718,4134
50,1,9,-1,"Panchthar","No Birth",0,0,0,0,0,0,0,0
50,1,9,0,"Panchthar","0 Children born",31013,1456,4495,5684,5409,5199,4659,4111
50,1,9,1,"Panchthar","1 Children",2529,379,818,707,374,173,55,23
50,1,9,2,"Panchthar","2 Children",26,5,3,10,4,0,4,0
50,1,9,3,"Panchthar","3 & More Children",0,0,0,0,0,0,0,0
50,1,9,9,"Panchthar","FOR BLANK LINE",,,,,,,,
50,1,9,10,"Panchthar","Both Sexes",2581,389,824,727,382,173,63,23
50,1,9,11,"Panchthar","Male",1330,196,423,364,197,95,39,16
50,1,9,12,"Panchthar","Female",1251,193,401,363,185,78,24,7
50,1,10,-2,"Ilam","Total Ever Married Female",57093,2061,7102,10500,10314,10146,9416,7554
50,1,10,-1,"Ilam","No Birth",0,0,0,0,0,0,0,0
50,1,10,0,"Ilam","0 Children born",53874,1698,6208,9548,9701,9845,9346,7528
50,1,10,1,"Ilam","1 Children",3200,361,887,946,612,299,69,26
50,1,10,2,"Ilam","2 Children",19,2,7,6,1,2,1,0
50,1,10,3,"Ilam","3 & More Children",0,0,0,0,0,0,0,0
50,1,10,9,"Ilam","FOR BLANK LINE",,,,,,,,
50,1,10,10,"Ilam","Both Sexes",3238,365,901,958,614,303,71,26
50,1,10,11,"Ilam","Male",1608,185,442,484,291,150,36,20
50,1,10,12,"Ilam","Female",1630,180,459,474,323,153,35,6
50,1,11,-2,"Jhapa","Total Ever Married Female",216755,5364,25174,39739,41773,40945,35778,27982
50,1,11,-1,"Jhapa","No Birth",0,0,0,0,0,0,0,0
50,1,11,0,"Jhapa","0 Children born",204409,4397,21592,35820,39326,39858,35516,27900
50,1,11,1,"Jhapa","1 Children",12239,964,3562,3875,2425,1077,259,77
50,1,11,2,"Jhapa","2 Children",107,3,20,44,22,10,3,5
50,1,11,3,"Jhapa","3 & More Children",0,0,0,0,0,0,0,0
50,1,11,9,"Jhapa","FOR BLANK LINE",,,,,,,,
50,1,11,10,"Jhapa","Both Sexes",12453,970,3602,3963,2469,1097,265,87
50,1,11,11,"Jhapa","Male",6538,495,1845,2061,1313,629,147,48
50,1,11,12,"Jhapa","Female",5915,475,1757,1902,1156,468,118,39
50,1,12,-2,"Morang","Total Ever Married Female",248149,6310,33009,47267,45578,46439,38722,30824
50,1,12,-1,"Morang","No Birth",0,0,0,0,0,0,0,0
50,1,12,0,"Morang","0 Children born",233903,5278,27953,42815,43234,45422,38468,30733
50,1,12,1,"Morang","1 Children",14114,1030,5012,4413,2317,1005,248,89
50,1,12,2,"Morang","2 Children",132,2,44,39,27,12,6,2
50,1,12,3,"Morang","3 & More Children",0,0,0,0,0,0,0,0
50,1,12,9,"Morang","FOR BLANK LINE",,,,,,,,
50,1,12,10,"Morang","Both Sexes",14378,1034,5100,4491,2371,1029,260,93
50,1,12,11,"Morang","Male",7343,513,2512,2303,1277,548,135,55
50,1,12,12,"Morang","Female",7035,521,2588,2188,1094,481,125,38
50,1,13,-2,"Sunsari","Total Ever Married Female",203590,5265,29310,39755,38073,36764,30194,24229
50,1,13,-1,"Sunsari","No Birth",0,0,0,0,0,0,0,0
50,1,13,0,"Sunsari","0 Children born",191268,4426,24714,35927,36152,35990,29952,24107
50,1,13,1,"Sunsari","1 Children",12190,835,4546,3797,1897,757,237,121
50,1,13,2,"Sunsari","2 Children",132,4,50,31,24,17,5,1
50,1,13,3,"Sunsari","3 & More Children",0,0,0,0,0,0,0,0
50,1,13,9,"Sunsari","FOR BLANK LINE",,,,,,,,
50,1,13,10,"Sunsari","Both Sexes",12454,843,4646,3859,1945,791,247,123
50,1,13,11,"Sunsari","Male",6422,422,2377,2004,1023,408,131,57
50,1,13,12,"Sunsari","Female",6032,421,2269,1855,922,383,116,66
50,1,14,-2,"Udayapur","Total Ever Married Female",71556,2890,10780,13664,13172,12220,10311,8519
50,1,14,-1,"Udayapur","No Birth",0,0,0,0,0,0,0,0
50,1,14,0,"Udayapur","0 Children born",66966,2349,9130,12350,12492,11921,10242,8482
50,1,14,1,"Udayapur","1 Children",4551,540,1638,1302,676,291,67,37
50,1,14,2,"Udayapur","2 Children",39,1,12,12,4,8,2,0
50,1,14,3,"Udayapur","3 & More Children",0,0,0,0,0,0,0,0
50,1,14,9,"Udayapur","FOR BLANK LINE",,,,,,,,
50,1,14,10,"Udayapur","Both Sexes",4629,542,1662,1326,684,307,71,37
50,1,14,11,"Udayapur","Male",2396,281,833,701,361,174,31,15
50,1,14,12,"Udayapur","Female",2233,261,829,625,323,133,40,22
50,2,15,-2,"Saptari","Total Ever Married Female",150687,5038,26614,28887,25705,27177,20303,16963
50,2,15,-1,"Saptari","No Birth",0,0,0,0,0,0,0,0
50,2,15,0,"Saptari","0 Children born",140559,4242,21954,26084,24558,26680,20165,16876
50,2,15,1,"Saptari","1 Children",10024,789,4622,2772,1134,489,133,85
50,2,15,2,"Saptari","2 Children",104,7,38,31,13,8,5,2
50,2,15,3,"Saptari","3 & More Children",0,0,0,0,0,0,0,0
50,2,15,9,"Saptari","FOR BLANK LINE",,,,,,,,
50,2,15,10,"Saptari","Both Sexes",10232,803,4698,2834,1160,505,143,89
50,2,15,11,"Saptari","Male",5651,421,2523,1605,671,301,78,52
50,2,15,12,"Saptari","Female",4581,382,2175,1229,489,204,65,37
50,2,16,-2,"Siraha","Total Ever Married Female",162139,6422,30521,31549,27408,28285,20204,17750
50,2,16,-1,"Siraha","No Birth",0,0,0,0,0,0,0,0
50,2,16,0,"Siraha","0 Children born",150635,5436,25374,28460,26030,27713,19992,17630
50,2,16,1,"Siraha","1 Children",11350,982,5095,3038,1347,564,208,116
50,2,16,2,"Siraha","2 Children",154,4,52,51,31,8,4,4
50,2,16,3,"Siraha","3 & More Children",0,0,0,0,0,0,0,0
50,2,16,9,"Siraha","FOR BLANK LINE",,,,,,,,
50,2,16,10,"Siraha","Both Sexes",11658,990,5199,3140,1409,580,216,124
50,2,16,11,"Siraha","Male",6534,529,2823,1791,837,347,129,78
50,2,16,12,"Siraha","Female",5124,461,2376,1349,572,233,87,46
50,2,17,-2,"Dhanusa","Total Ever Married Female",190136,8365,37039,38035,31172,32466,22765,20294
50,2,17,-1,"Dhanusa","No Birth",0,0,0,0,0,0,0,0
50,2,17,0,"Dhanusa","0 Children born",175924,7001,30477,34106,29756,31818,22587,20179
50,2,17,1,"Dhanusa","1 Children",14070,1358,6509,3874,1398,639,178,114
50,2,17,2,"Dhanusa","2 Children",142,6,53,55,18,9,0,1
50,2,17,3,"Dhanusa","3 & More Children",0,0,0,0,0,0,0,0
50,2,17,9,"Dhanusa","FOR BLANK LINE",,,,,,,,
50,2,17,10,"Dhanusa","Both Sexes",14354,1370,6615,3984,1434,657,178,116
50,2,17,11,"Dhanusa","Male",8197,730,3697,2335,869,394,103,69
50,2,17,12,"Dhanusa","Female",6157,640,2918,1649,565,263,75,47
50,2,18,-2,"Mahottari","Total Ever Married Female",147693,5930,27034,29130,25065,25977,18668,15889
50,2,18,-1,"Mahottari","No Birth",0,0,0,0,0,0,0,0
50,2,18,0,"Mahottari","0 Children born",136898,5037,22440,25987,23777,25418,18476,15763
50,2,18,1,"Mahottari","1 Children",10694,886,4561,3112,1274,548,188,125
50,2,18,2,"Mahottari","2 Children",101,7,33,31,14,11,4,1
50,2,18,3,"Mahottari","3 & More Children",0,0,0,0,0,0,0,0
50,2,18,9,"Mahottari","FOR BLANK LINE",,,,,,,,
50,2,18,10,"Mahottari","Both Sexes",10896,900,4627,3174,1302,570,196,127
50,2,18,11,"Mahottari","Male",5909,436,2458,1756,753,321,114,71
50,2,18,12,"Mahottari","Female",4987,464,2169,1418,549,249,82,56
50,2,19,-2,"Sarlahi","Total Ever Married Female",173035,6999,30795,33723,29548,30035,22876,19059
50,2,19,-1,"Sarlahi","No Birth",0,0,0,0,0,0,0,0
50,2,19,0,"Sarlahi","0 Children born",160123,5901,25240,30018,28015,29350,22667,18932
50,2,19,1,"Sarlahi","1 Children",12782,1096,5511,3663,1513,671,203,125
50,2,19,2,"Sarlahi","2 Children",129,2,44,42,20,13,6,2
50,2,19,3,"Sarlahi","3 & More Children",1,0,0,0,0,1,0,0
50,2,19,9,"Sarlahi","FOR BLANK LINE",,,,,,,,
50,2,19,10,"Sarlahi","Both Sexes",13043,1100,5599,3747,1553,700,215,129
50,2,19,11,"Sarlahi","Male",6991,558,2925,2037,893,383,124,71
50,2,19,12,"Sarlahi","Female",6052,542,2674,1710,660,317,91,58
50,2,20,-2,"Rautahat","Total Ever Married Female",158695,8630,30511,30069,26248,26306,20084,16847
50,2,20,-1,"Rautahat","No Birth",0,0,0,0,0,0,0,0
50,2,20,0,"Rautahat","0 Children born",143300,7228,24180,25824,24382,25330,19700,16656
50,2,20,1,"Rautahat","1 Children",15096,1390,6233,4147,1820,953,374,179
50,2,20,2,"Rautahat","2 Children",296,12,96,97,46,23,10,12
50,2,20,3,"Rautahat","3 & More Children",3,0,2,1,0,0,0,0
50,2,20,9,"Rautahat","FOR BLANK LINE",,,,,,,,
50,2,20,10,"Rautahat","Both Sexes",15697,1414,6431,4344,1912,999,394,203
50,2,20,11,"Rautahat","Male",8140,715,3302,2274,995,547,201,106
50,2,20,12,"Rautahat","Female",7557,699,3129,2070,917,452,193,97
50,2,21,-2,"Bara","Total Ever Married Female",153397,6407,26737,29461,27035,26664,20092,17001
50,2,21,-1,"Bara","No Birth",0,0,0,0,0,0,0,0
50,2,21,0,"Bara","0 Children born",142527,5486,22216,26323,25631,26071,19913,16887
50,2,21,1,"Bara","1 Children",10682,912,4458,3069,1379,584,172,108
50,2,21,2,"Bara","2 Children",187,9,62,69,25,9,7,6
50,2,21,3,"Bara","3 & More Children",1,0,1,0,0,0,0,0
50,2,21,9,"Bara","FOR BLANK LINE",,,,,,,,
50,2,21,10,"Bara","Both Sexes",11059,930,4585,3207,1429,602,186,120
50,2,21,11,"Bara","Male",5735,472,2374,1641,759,325,99,65
50,2,21,12,"Bara","Female",5324,458,2211,1566,670,277,87,55
50,2,22,-2,"Parsa","Total Ever Married Female",128279,4502,20525,24758,23448,22842,17370,14834
50,2,22,-1,"Parsa","No Birth",0,0,0,0,0,0,0,0
50,2,22,0,"Parsa","0 Children born",118831,3772,16714,21907,22203,22337,17186,14712
50,2,22,1,"Parsa","1 Children",9278,726,3741,2804,1220,491,178,118
50,2,22,2,"Parsa","2 Children",170,4,70,47,25,14,6,4
50,2,22,3,"Parsa","3 & More Children",0,0,0,0,0,0,0,0
50,2,22,9,"Parsa","FOR BLANK LINE",,,,,,,,
50,2,22,10,"Parsa","Both Sexes",9618,734,3881,2898,1270,519,190,126
50,2,22,11,"Parsa","Male",5177,404,2051,1572,700,273,101,76
50,2,22,12,"Parsa","Female",4441,330,1830,1326,570,246,89,50
50,3,23,-2,"Dolakha","Total Ever Married Female",31638,900,4195,5838,5650,5385,5082,4588
50,3,23,-1,"Dolakha","No Birth",0,0,0,0,0,0,0,0
50,3,23,0,"Dolakha","0 Children born",29479,707,3500,5129,5278,5262,5035,4568
50,3,23,1,"Dolakha","1 Children",2144,193,692,704,368,121,46,20
50,3,23,2,"Dolakha","2 Children",15,0,3,5,4,2,1,0
50,3,23,3,"Dolakha","3 & More Children",0,0,0,0,0,0,0,0
50,3,23,9,"Dolakha","FOR BLANK LINE",,,,,,,,
50,3,23,10,"Dolakha","Both Sexes",2174,193,698,714,376,125,48,20
50,3,23,11,"Dolakha","Male",1154,97,374,371,200,70,29,13
50,3,23,12,"Dolakha","Female",1020,96,324,343,176,55,19,7
50,3,24,-2,"Sindhupalchok","Total Ever Married Female",50125,1451,6597,8978,8610,8747,8329,7413
50,3,24,-1,"Sindhupalchok","No Birth",0,0,0,0,0,0,0,0
50,3,24,0,"Sindhupalchok","0 Children born",46769,1187,5508,7945,8040,8483,8230,7376
50,3,24,1,"Sindhupalchok","1 Children",3334,263,1087,1026,564,261,98,35
50,3,24,2,"Sindhupalchok","2 Children",22,1,2,7,6,3,1,2
50,3,24,3,"Sindhupalchok","3 & More Children",0,0,0,0,0,0,0,0
50,3,24,9,"Sindhupalchok","FOR BLANK LINE",,,,,,,,
50,3,24,10,"Sindhupalchok","Both Sexes",3378,265,1091,1040,576,267,100,39
50,3,24,11,"Sindhupalchok","Male",1785,136,568,562,304,140,57,18
50,3,24,12,"Sindhupalchok","Female",1593,129,523,478,272,127,43,21
50,3,25,-2,"Rasuwa","Total Ever Married Female",8630,276,1200,1669,1613,1363,1330,1179
50,3,25,-1,"Rasuwa","No Birth",0,0,0,0,0,0,0,0
50,3,25,0,"Rasuwa","0 Children born",7893,221,987,1422,1465,1315,1310,1173
50,3,25,1,"Rasuwa","1 Children",728,54,211,245,146,48,19,5
50,3,25,2,"Rasuwa","2 Children",9,1,2,2,2,0,1,1
50,3,25,3,"Rasuwa","3 & More Children",0,0,0,0,0,0,0,0
50,3,25,9,"Rasuwa","FOR BLANK LINE",,,,,,,,
50,3,25,10,"Rasuwa","Both Sexes",746,56,215,249,150,48,21,7
50,3,25,11,"Rasuwa","Male",387,30,99,128,93,22,12,3
50,3,25,12,"Rasuwa","Female",359,26,116,121,57,26,9,4
50,3,26,-2,"Dhading","Total Ever Married Female",65229,2368,9410,12375,11433,11329,9936,8378
50,3,26,-1,"Dhading","No Birth",0,0,0,0,0,0,0,0
50,3,26,0,"Dhading","0 Children born",60906,1899,7829,11074,10819,11083,9858,8344
50,3,26,1,"Dhading","1 Children",4291,468,1573,1291,606,241,78,34
50,3,26,2,"Dhading","2 Children",30,1,8,9,8,4,0,0
50,3,26,3,"Dhading","3 & More Children",2,0,0,1,0,1,0,0
50,3,26,9,"Dhading","FOR BLANK LINE",,,,,,,,
50,3,26,10,"Dhading","Both Sexes",4357,470,1589,1312,622,252,78,34
50,3,26,11,"Dhading","Male",2206,221,803,661,330,130,37,24
50,3,26,12,"Dhading","Female",2151,249,786,651,292,122,41,10
50,3,27,-2,"Nuwakot","Total Ever Married Female",52634,1639,7177,9794,9314,9091,8402,7217
50,3,27,-1,"Nuwakot","No Birth",0,0,0,0,0,0,0,0
50,3,27,0,"Nuwakot","0 Children born",49154,1302,5938,8674,8781,8917,8348,7194
50,3,27,1,"Nuwakot","1 Children",3451,335,1233,1110,527,172,52,22
50,3,27,2,"Nuwakot","2 Children",29,2,6,10,6,2,2,1
50,3,27,3,"Nuwakot","3 & More Children",0,0,0,0,0,0,0,0
50,3,27,9,"Nuwakot","FOR BLANK LINE",,,,,,,,
50,3,27,10,"Nuwakot","Both Sexes",3509,339,1245,1130,539,176,56,24
50,3,27,11,"Nuwakot","Male",1802,164,640,587,276,95,28,12
50,3,27,12,"Nuwakot","Female",1707,175,605,543,263,81,28,12
50,3,28,-2,"Kathmandu","Total Ever Married Female",426602,4773,36320,76469,91694,86435,74676,56235
50,3,28,-1,"Kathmandu","No Birth",0,0,0,0,0,0,0,0
50,3,28,0,"Kathmandu","0 Children born",406982,4129,32457,69798,86137,84262,74143,56056
50,3,28,1,"Kathmandu","1 Children",18957,643,3824,6562,5390,2019,407,112
50,3,28,2,"Kathmandu","2 Children",661,1,38,109,167,154,125,67
50,3,28,3,"Kathmandu","3 & More Children",2,0,1,0,0,0,1,0
50,3,28,9,"Kathmandu","FOR BLANK LINE",,,,,,,,
50,3,28,10,"Kathmandu","Both Sexes",20285,645,3903,6780,5724,2327,660,246
50,3,28,11,"Kathmandu","Male",10880,326,1990,3638,3130,1269,378,149
50,3,28,12,"Kathmandu","Female",9405,319,1913,3142,2594,1058,282,97
50,3,29,-2,"Bhaktapur","Total Ever Married Female",93045,1024,7472,16519,19992,18697,16544,12797
50,3,29,-1,"Bhaktapur","No Birth",0,0,0,0,0,0,0,0
50,3,29,0,"Bhaktapur","0 Children born",88260,875,6544,14885,18570,18158,16455,12773
50,3,29,1,"Bhaktapur","1 Children",4726,149,926,1619,1393,527,88,24
50,3,29,2,"Bhaktapur","2 Children",58,0,2,14,29,12,1,0
50,3,29,3,"Bhaktapur","3 & More Children",1,0,0,1,0,0,0,0
50,3,29,9,"Bhaktapur","FOR BLANK LINE",,,,,,,,
50,3,29,10,"Bhaktapur","Both Sexes",4845,149,930,1650,1451,551,90,24
50,3,29,11,"Bhaktapur","Male",2564,76,477,879,765,305,47,15
50,3,29,12,"Bhaktapur","Female",2281,73,453,771,686,246,43,9
50,3,30,-2,"Lalitpur","Total Ever Married Female",113393,1317,8764,18319,23025,23446,21567,16955
50,3,30,-1,"Lalitpur","No Birth",0,0,0,0,0,0,0,0
50,3,30,0,"Lalitpur","0 Children born",108166,1127,7780,16662,21504,22786,21389,16918
50,3,30,1,"Lalitpur","1 Children",5154,189,973,1641,1498,651,168,34
50,3,30,2,"Lalitpur","2 Children",73,1,11,16,23,9,10,3
50,3,30,3,"Lalitpur","3 & More Children",0,0,0,0,0,0,0,0
50,3,30,9,"Lalitpur","FOR BLANK LINE",,,,,,,,
50,3,30,10,"Lalitpur","Both Sexes",5300,191,995,1673,1544,669,188,40
50,3,30,11,"Lalitpur","Male",2782,93,518,862,822,356,109,22
50,3,30,12,"Lalitpur","Female",2518,98,477,811,722,313,79,18
50,3,31,-2,"Kavrepalanchok","Total Ever Married Female",73438,1633,8338,13170,13537,13399,12483,10878
50,3,31,-1,"Kavrepalanchok","No Birth",0,0,0,0,0,0,0,0
50,3,31,0,"Kavrepalanchok","0 Children born",68929,1337,6934,11631,12719,13069,12397,10842
50,3,31,1,"Kavrepalanchok","1 Children",4464,295,1393,1522,810,325,85,34
50,3,31,2,"Kavrepalanchok","2 Children",45,1,11,17,8,5,1,2
50,3,31,3,"Kavrepalanchok","3 & More Children",0,0,0,0,0,0,0,0
50,3,31,9,"Kavrepalanchok","FOR BLANK LINE",,,,,,,,
50,3,31,10,"Kavrepalanchok","Both Sexes",4554,297,1415,1556,826,335,87,38
50,3,31,11,"Kavrepalanchok","Male",2375,155,708,809,435,195,47,26
50,3,31,12,"Kavrepalanchok","Female",2179,142,707,747,391,140,40,12
50,3,32,-2,"Ramechhap","Total Ever Married Female",30880,915,4382,5289,5101,5257,4996,4940
50,3,32,-1,"Ramechhap","No Birth",0,0,0,0,0,0,0,0
50,3,32,0,"Ramechhap","0 Children born",28897,746,3640,4715,4790,5133,4955,4918
50,3,32,1,"Ramechhap","1 Children",1968,167,737,569,310,123,41,21
50,3,32,2,"Ramechhap","2 Children",15,2,5,5,1,1,0,1
50,3,32,3,"Ramechhap","3 & More Children",0,0,0,0,0,0,0,0
50,3,32,9,"Ramechhap","FOR BLANK LINE",,,,,,,,
50,3,32,10,"Ramechhap","Both Sexes",1998,171,747,579,312,125,41,23
50,3,32,11,"Ramechhap","Male",1053,81,389,295,181,73,25,9
50,3,32,12,"Ramechhap","Female",945,90,358,284,131,52,16,14
50,3,33,-2,"Sindhuli","Total Ever Married Female",59571,2591,9452,11154,10150,9983,8755,7486
50,3,33,-1,"Sindhuli","No Birth",0,0,0,0,0,0,0,0
50,3,33,0,"Sindhuli","0 Children born",55245,2045,7830,9915,9559,9753,8691,7452
50,3,33,1,"Sindhuli","1 Children",4304,546,1615,1230,589,228,63,33
50,3,33,2,"Sindhuli","2 Children",22,0,7,9,2,2,1,1
50,3,33,3,"Sindhuli","3 & More Children",0,0,0,0,0,0,0,0
50,3,33,9,"Sindhuli","FOR BLANK LINE",,,,,,,,
50,3,33,10,"Sindhuli","Both Sexes",4348,546,1629,1248,593,232,65,35
50,3,33,11,"Sindhuli","Male",2239,279,834,642,313,114,37,20
50,3,33,12,"Sindhuli","Female",2109,267,795,606,280,118,28,15
50,3,34,-2,"Makwanpur","Total Ever Married Female",95762,3504,13764,18587,17957,16294,14214,11442
50,3,34,-1,"Makwanpur","No Birth",0,0,0,0,0,0,0,0
50,3,34,0,"Makwanpur","0 Children born",89265,2854,11557,16654,16852,15871,14089,11388
50,3,34,1,"Makwanpur","1 Children",6437,648,2194,1912,1090,417,122,54
50,3,34,2,"Makwanpur","2 Children",60,2,13,21,15,6,3,0
50,3,34,3,"Makwanpur","3 & More Children",0,0,0,0,0,0,0,0
50,3,34,9,"Makwanpur","FOR BLANK LINE",,,,,,,,
50,3,34,10,"Makwanpur","Both Sexes",6557,652,2220,1954,1120,429,128,54
50,3,34,11,"Makwanpur","Male",3364,308,1102,1064,559,237,61,33
50,3,34,12,"Makwanpur","Female",3193,344,1118,890,561,192,67,21
50,3,35,-2,"Chitawan","Total Ever Married Female",161836,4341,19442,30607,31054,29928,26050,20414
50,3,35,-1,"Chitawan","No Birth",0,0,0,0,0,0,0,0
50,3,35,0,"Chitawan","0 Children born",153570,3654,16898,27864,29473,29414,25917,20350
50,3,35,1,"Chitawan","1 Children",8204,686,2529,2716,1571,507,132,63
50,3,35,2,"Chitawan","2 Children",61,1,15,27,10,6,1,1
50,3,35,3,"Chitawan","3 & More Children",1,0,0,0,0,1,0,0
50,3,35,9,"Chitawan","FOR BLANK LINE",,,,,,,,
50,3,35,10,"Chitawan","Both Sexes",8329,688,2559,2770,1591,522,134,65
50,3,35,11,"Chitawan","Male",4409,363,1315,1453,862,303,75,38
50,3,35,12,"Chitawan","Female",3920,325,1244,1317,729,219,59,27
50,4,36,-2,"Gorkha","Total Ever Married Female",50864,1731,7067,9225,8766,8532,8313,7230
50,4,36,-1,"Gorkha","No Birth",0,0,0,0,0,0,0,0
50,4,36,0,"Gorkha","0 Children born",48008,1437,6104,8344,8345,8352,8225,7201
50,4,36,1,"Gorkha","1 Children",2817,292,952,869,413,179,84,28
50,4,36,2,"Gorkha","2 Children",39,2,11,12,8,1,4,1
50,4,36,3,"Gorkha","3 & More Children",0,0,0,0,0,0,0,0
50,4,36,9,"Gorkha","FOR BLANK LINE",,,,,,,,
50,4,36,10,"Gorkha","Both Sexes",2895,296,974,893,429,181,92,30
50,4,36,11,"Gorkha","Male",1527,161,501,462,232,103,50,18
50,4,36,12,"Gorkha","Female",1368,135,473,431,197,78,42,12
50,4,37,-2,"Manang","Total Ever Married Female",952,20,85,167,196,159,168,157
50,4,37,-1,"Manang","No Birth",0,0,0,0,0,0,0,0
50,4,37,0,"Manang","0 Children born",898,16,72,155,179,151,168,157
50,4,37,1,"Manang","1 Children",54,4,13,12,17,8,0,0
50,4,37,2,"Manang","2 Children",0,0,0,0,0,0,0,0
50,4,37,3,"Manang","3 & More Children",0,0,0,0,0,0,0,0
50,4,37,9,"Manang","FOR BLANK LINE",,,,,,,,
50,4,37,10,"Manang","Both Sexes",54,4,13,12,17,8,0,0
50,4,37,11,"Manang","Male",27,3,8,5,6,5,0,0
50,4,37,12,"Manang","Female",27,1,5,7,11,3,0,0
50,4,38,-2,"Mustang","Total Ever Married Female",2245,41,219,392,414,419,383,377
50,4,38,-1,"Mustang","No Birth",0,0,0,0,0,0,0,0
50,4,38,0,"Mustang","0 Children born",2109,35,183,352,384,404,377,374
50,4,38,1,"Mustang","1 Children",136,6,36,40,30,15,6,3
50,4,38,2,"Mustang","2 Children",0,0,0,0,0,0,0,0
50,4,38,3,"Mustang","3 & More Children",0,0,0,0,0,0,0,0
50,4,38,9,"Mustang","FOR BLANK LINE",,,,,,,,
50,4,38,10,"Mustang","Both Sexes",136,6,36,40,30,15,6,3
50,4,38,11,"Mustang","Male",65,4,20,18,14,6,2,1
50,4,38,12,"Mustang","Female",71,2,16,22,16,9,4,2
50,4,39,-2,"Myagdi","Total Ever Married Female",20876,882,3039,3916,3623,3498,3197,2721
50,4,39,-1,"Myagdi","No Birth",0,0,0,0,0,0,0,0
50,4,39,0,"Myagdi","0 Children born",19584,703,2583,3554,3440,3418,3181,2705
50,4,39,1,"Myagdi","1 Children",1276,178,452,356,179,79,16,16
50,4,39,2,"Myagdi","2 Children",16,1,4,6,4,1,0,0
50,4,39,3,"Myagdi","3 & More Children",0,0,0,0,0,0,0,0
50,4,39,9,"Myagdi","FOR BLANK LINE",,,,,,,,
50,4,39,10,"Myagdi","Both Sexes",1308,180,460,368,187,81,16,16
50,4,39,11,"Myagdi","Male",687,100,230,195,101,39,8,14
50,4,39,12,"Myagdi","Female",621,80,230,173,86,42,8,2
50,4,40,-2,"Kaski","Total Ever Married Female",130717,2474,14071,24727,26167,25195,21583,16500
50,4,40,-1,"Kaski","No Birth",0,0,0,0,0,0,0,0
50,4,40,0,"Kaski","0 Children born",124781,2107,12449,22641,24904,24736,21479,16465
50,4,40,1,"Kaski","1 Children",5869,364,1609,2064,1247,450,101,34
50,4,40,2,"Kaski","2 Children",67,3,13,22,16,9,3,1
50,4,40,3,"Kaski","3 & More Children",0,0,0,0,0,0,0,0
50,4,40,9,"Kaski","FOR BLANK LINE",,,,,,,,
50,4,40,10,"Kaski","Both Sexes",6003,370,1635,2108,1279,468,107,36
50,4,40,11,"Kaski","Male",3151,199,821,1112,700,242,56,21
50,4,40,12,"Kaski","Female",2852,171,814,996,579,226,51,15
50,4,41,-2,"Lamjung","Total Ever Married Female",32069,1012,4211,6026,5785,5705,4835,4495
50,4,41,-1,"Lamjung","No Birth",0,0,0,0,0,0,0,0
50,4,41,0,"Lamjung","0 Children born",30770,869,3773,5611,5585,5637,4809,4486
50,4,41,1,"Lamjung","1 Children",1287,141,437,408,199,68,26,8
50,4,41,2,"Lamjung","2 Children",12,2,1,7,1,0,0,1
50,4,41,3,"Lamjung","3 & More Children",0,0,0,0,0,0,0,0
50,4,41,9,"Lamjung","FOR BLANK LINE",,,,,,,,
50,4,41,10,"Lamjung","Both Sexes",1311,145,439,422,201,68,26,10
50,4,41,11,"Lamjung","Male",677,75,219,212,120,36,9,6
50,4,41,12,"Lamjung","Female",634,70,220,210,81,32,17,4
50,4,42,-2,"Tanahu","Total Ever Married Female",73118,2766,9852,14049,13488,12603,10904,9456
50,4,42,-1,"Tanahu","No Birth",0,0,0,0,0,0,0,0
50,4,42,0,"Tanahu","0 Children born",69681,2310,8711,13013,12964,12401,10860,9422
50,4,42,1,"Tanahu","1 Children",3399,453,1129,1024,515,201,43,34
50,4,42,2,"Tanahu","2 Children",38,3,12,12,9,1,1,0
50,4,42,3,"Tanahu","3 & More Children",0,0,0,0,0,0,0,0
50,4,42,9,"Tanahu","FOR BLANK LINE",,,,,,,,
50,4,42,10,"Tanahu","Both Sexes",3475,459,1153,1048,533,203,45,34
50,4,42,11,"Tanahu","Male",1869,228,604,565,307,119,25,21
50,4,42,12,"Tanahu","Female",1606,231,549,483,226,84,20,13
50,4,43,-2,"Nawalparasi (Bardaghat Susta East)","Total Ever Married Female",89709,3094,11771,17657,17341,15910,13638,10298
50,4,43,-1,"Nawalparasi (Bardaghat Susta East)","No Birth",0,0,0,0,0,0,0,0
50,4,43,0,"Nawalparasi (Bardaghat Susta East)","0 Children born",84911,2560,10232,16084,16529,15666,13568,10272
50,4,43,1,"Nawalparasi (Bardaghat Susta East)","1 Children",4763,532,1528,1561,807,240,69,26
50,4,43,2,"Nawalparasi (Bardaghat Susta East)","2 Children",34,2,11,12,4,4,1,0
50,4,43,3,"Nawalparasi (Bardaghat Susta East)","3 & More Children",1,0,0,0,1,0,0,0
50,4,43,9,"Nawalparasi (Bardaghat Susta East)","FOR BLANK LINE",,,,,,,,
50,4,43,10,"Nawalparasi (Bardaghat Susta East)","Both Sexes",4834,536,1550,1585,818,248,71,26
50,4,43,11,"Nawalparasi (Bardaghat Susta East)","Male",2573,273,812,843,451,144,37,13
50,4,43,12,"Nawalparasi (Bardaghat Susta East)","Female",2261,263,738,742,367,104,34,13
50,4,44,-2,"Syangja","Total Ever Married Female",54242,1570,7171,10273,9578,9000,8630,8020
50,4,44,-1,"Syangja","No Birth",0,0,0,0,0,0,0,0
50,4,44,0,"Syangja","0 Children born",51574,1350,6219,9406,9160,8853,8589,7997
50,4,44,1,"Syangja","1 Children",2634,219,945,854,411,145,38,22
50,4,44,2,"Syangja","2 Children",34,1,7,13,7,2,3,1
50,4,44,3,"Syangja","3 & More Children",0,0,0,0,0,0,0,0
50,4,44,9,"Syangja","FOR BLANK LINE",,,,,,,,
50,4,44,10,"Syangja","Both Sexes",2702,221,959,880,425,149,44,24
50,4,44,11,"Syangja","Male",1381,105,487,433,232,88,23,13
50,4,44,12,"Syangja","Female",1321,116,472,447,193,61,21,11
50,4,45,-2,"Parbat","Total Ever Married Female",27813,956,3940,5392,4927,4512,4272,3814
50,4,45,-1,"Parbat","No Birth",0,0,0,0,0,0,0,0
50,4,45,0,"Parbat","0 Children born",26288,780,3406,4926,4696,4442,4240,3798
50,4,45,1,"Parbat","1 Children",1509,176,530,460,229,67,32,15
50,4,45,2,"Parbat","2 Children",16,0,4,6,2,3,0,1
50,4,45,3,"Parbat","3 & More Children",0,0,0,0,0,0,0,0
50,4,45,9,"Parbat","FOR BLANK LINE",,,,,,,,
50,4,45,10,"Parbat","Both Sexes",1541,176,538,472,233,73,32,17
50,4,45,11,"Parbat","Male",837,88,287,256,134,42,21,9
50,4,45,12,"Parbat","Female",704,88,251,216,99,31,11,8
50,4,46,-2,"Baglung","Total Ever Married Female",52734,2291,8303,10197,8966,8434,7754,6789
50,4,46,-1,"Baglung","No Birth",0,0,0,0,0,0,0,0
50,4,46,0,"Baglung","0 Children born",49096,1827,7021,9153,8462,8209,7670,6754
50,4,46,1,"Baglung","1 Children",3595,459,1272,1031,498,221,81,33
50,4,46,2,"Baglung","2 Children",43,5,10,13,6,4,3,2
50,4,46,3,"Baglung","3 & More Children",0,0,0,0,0,0,0,0
50,4,46,9,"Baglung","FOR BLANK LINE",,,,,,,,
50,4,46,10,"Baglung","Both Sexes",3681,469,1292,1057,510,229,87,37
50,4,46,11,"Baglung","Male",1892,216,675,534,280,119,49,19
50,4,46,12,"Baglung","Female",1789,253,617,523,230,110,38,18
50,5,47,-2,"Rukum (East)","Total Ever Married Female",11303,772,2224,2082,1803,1662,1445,1315
50,5,47,-1,"Rukum (East)","No Birth",0,0,0,0,0,0,0,0
50,5,47,0,"Rukum (East)","0 Children born",10412,639,1875,1859,1702,1607,1425,1305
50,5,47,1,"Rukum (East)","1 Children",881,131,345,221,100,55,20,9
50,5,47,2,"Rukum (East)","2 Children",10,2,4,2,1,0,0,1
50,5,47,3,"Rukum (East)","3 & More Children",0,0,0,0,0,0,0,0
50,5,47,9,"Rukum (East)","FOR BLANK LINE",,,,,,,,
50,5,47,10,"Rukum (East)","Both Sexes",901,135,353,225,102,55,20,11
50,5,47,11,"Rukum (East)","Male",472,59,191,112,62,29,10,9
50,5,47,12,"Rukum (East)","Female",429,76,162,113,40,26,10,2
50,5,48,-2,"Rolpa","Total Ever Married Female",50176,2908,9902,9433,8640,7241,6591,5461
50,5,48,-1,"Rolpa","No Birth",0,0,0,0,0,0,0,0
50,5,48,0,"Rolpa","0 Children born",46207,2313,8294,8510,8126,7031,6507,5426
50,5,48,1,"Rolpa","1 Children",3930,589,1599,911,507,208,82,34
50,5,48,2,"Rolpa","2 Children",39,6,9,12,7,2,2,1
50,5,48,3,"Rolpa","3 & More Children",0,0,0,0,0,0,0,0
50,5,48,9,"Rolpa","FOR BLANK LINE",,,,,,,,
50,5,48,10,"Rolpa","Both Sexes",4008,601,1617,935,521,212,86,36
50,5,48,11,"Rolpa","Male",1977,290,814,464,248,101,47,13
50,5,48,12,"Rolpa","Female",2031,311,803,471,273,111,39,23
50,5,49,-2,"Pyuthan","Total Ever Married Female",51927,2726,9571,10082,8918,8014,6886,5730
50,5,49,-1,"Pyuthan","No Birth",0,0,0,0,0,0,0,0
50,5,49,0,"Pyuthan","0 Children born",48184,2227,8043,9077,8467,7839,6831,5700
50,5,49,1,"Pyuthan","1 Children",3704,497,1514,994,443,172,54,30
50,5,49,2,"Pyuthan","2 Children",39,2,14,11,8,3,1,0
50,5,49,3,"Pyuthan","3 & More Children",0,0,0,0,0,0,0,0
50,5,49,9,"Pyuthan","FOR BLANK LINE",,,,,,,,
50,5,49,10,"Pyuthan","Both Sexes",3782,501,1542,1016,459,178,56,30
50,5,49,11,"Pyuthan","Male",1970,261,799,531,237,101,27,14
50,5,49,12,"Pyuthan","Female",1812,240,743,485,222,77,29,16
50,5,50,-2,"Gulmi","Total Ever Married Female",53486,2404,8412,10319,9110,8518,7593,7130
50,5,50,-1,"Gulmi","No Birth",0,0,0,0,0,0,0,0
50,5,50,0,"Gulmi","0 Children born",49983,1964,7043,9278,8670,8365,7550,7113
50,5,50,1,"Gulmi","1 Children",3477,438,1359,1031,439,150,43,17
50,5,50,2,"Gulmi","2 Children",26,2,10,10,1,3,0,0
50,5,50,3,"Gulmi","3 & More Children",0,0,0,0,0,0,0,0
50,5,50,9,"Gulmi","FOR BLANK LINE",,,,,,,,
50,5,50,10,"Gulmi","Both Sexes",3529,442,1379,1051,441,156,43,17
50,5,50,11,"Gulmi","Male",1834,228,703,537,242,91,23,10
50,5,50,12,"Gulmi","Female",1695,214,676,514,199,65,20,7
50,5,51,-2,"Arghakhanchi","Total Ever Married Female",39913,1819,6367,7783,6735,6303,5723,5183
50,5,51,-1,"Arghakhanchi","No Birth",0,0,0,0,0,0,0,0
50,5,51,0,"Arghakhanchi","0 Children born",37253,1482,5288,7040,6407,6195,5690,5151
50,5,51,1,"Arghakhanchi","1 Children",2642,334,1076,739,325,105,32,31
50,5,51,2,"Arghakhanchi","2 Children",18,3,3,4,3,3,1,1
50,5,51,3,"Arghakhanchi","3 & More Children",0,0,0,0,0,0,0,0
50,5,51,9,"Arghakhanchi","FOR BLANK LINE",,,,,,,,
50,5,51,10,"Arghakhanchi","Both Sexes",2678,340,1082,747,331,111,34,33
50,5,51,11,"Arghakhanchi","Male",1481,175,588,422,188,70,20,18
50,5,51,12,"Arghakhanchi","Female",1197,165,494,325,143,41,14,15
50,5,52,-2,"Palpa","Total Ever Married Female",55742,2175,7641,10860,10229,9312,8211,7314
50,5,52,-1,"Palpa","No Birth",0,0,0,0,0,0,0,0
50,5,52,0,"Palpa","0 Children born",52851,1791,6648,9967,9825,9157,8163,7300
50,5,52,1,"Palpa","1 Children",2869,383,988,885,399,154,46,14
50,5,52,2,"Palpa","2 Children",22,1,5,8,5,1,2,0
50,5,52,3,"Palpa","3 & More Children",0,0,0,0,0,0,0,0
50,5,52,9,"Palpa","FOR BLANK LINE",,,,,,,,
50,5,52,10,"Palpa","Both Sexes",2913,385,998,901,409,156,50,14
50,5,52,11,"Palpa","Male",1543,197,523,459,240,91,28,5
50,5,52,12,"Palpa","Female",1370,188,475,442,169,65,22,9
50,5,53,-2,"Nawalparasi (Bardaghat Susta West)","Total Ever Married Female",84556,1795,11393,16855,16349,15904,12797,9463
50,5,53,-1,"Nawalparasi (Bardaghat Susta West)","No Birth",0,0,0,0,0,0,0,0
50,5,53,0,"Nawalparasi (Bardaghat Susta West)","0 Children born",79308,1498,9451,15090,15514,15634,12711,9410
50,5,53,1,"Nawalparasi (Bardaghat Susta West)","1 Children",5205,296,1931,1745,828,269,83,53
50,5,53,2,"Nawalparasi (Bardaghat Susta West)","2 Children",43,1,11,20,7,1,3,0
50,5,53,3,"Nawalparasi (Bardaghat Susta West)","3 & More Children",0,0,0,0,0,0,0,0
50,5,53,9,"Nawalparasi (Bardaghat Susta West)","FOR BLANK LINE",,,,,,,,
50,5,53,10,"Nawalparasi (Bardaghat Susta West)","Both Sexes",5291,298,1953,1785,842,271,89,53
50,5,53,11,"Nawalparasi (Bardaghat Susta West)","Male",2788,165,1018,926,460,138,55,26
50,5,53,12,"Nawalparasi (Bardaghat Susta West)","Female",2503,133,935,859,382,133,34,27
50,5,54,-2,"Rupandehi","Total Ever Married Female",243492,5266,32789,48539,47725,46013,36281,26879
50,5,54,-1,"Rupandehi","No Birth",0,0,0,0,0,0,0,0
50,5,54,0,"Rupandehi","0 Children born",227938,4568,27444,43210,44960,44982,36030,26744
50,5,54,1,"Rupandehi","1 Children",15430,693,5307,5288,2739,1025,246,132
50,5,54,2,"Rupandehi","2 Children",124,5,38,41,26,6,5,3
50,5,54,3,"Rupandehi","3 & More Children",0,0,0,0,0,0,0,0
50,5,54,9,"Rupandehi","FOR BLANK LINE",,,,,,,,
50,5,54,10,"Rupandehi","Both Sexes",15678,703,5383,5370,2791,1037,256,138
50,5,54,11,"Rupandehi","Male",8225,363,2760,2824,1475,604,131,68
50,5,54,12,"Rupandehi","Female",7453,340,2623,2546,1316,433,125,70
50,5,55,-2,"Kapilbastu","Total Ever Married Female",135946,3506,22051,28085,25678,23715,18819,14092
50,5,55,-1,"Kapilbastu","No Birth",0,0,0,0,0,0,0,0
50,5,55,0,"Kapilbastu","0 Children born",124034,3069,18164,24112,23624,22673,18472,13920
50,5,55,1,"Kapilbastu","1 Children",11699,434,3829,3909,1997,1019,342,169
50,5,55,2,"Kapilbastu","2 Children",213,3,58,64,57,23,5,3
50,5,55,3,"Kapilbastu","3 & More Children",0,0,0,0,0,0,0,0
50,5,55,9,"Kapilbastu","FOR BLANK LINE",,,,,,,,
50,5,55,10,"Kapilbastu","Both Sexes",12125,440,3945,4037,2111,1065,352,175
50,5,55,11,"Kapilbastu","Male",6238,218,2053,2061,1076,555,182,93
50,5,55,12,"Kapilbastu","Female",5887,222,1892,1976,1035,510,170,82
50,5,56,-2,"Dang","Total Ever Married Female",159567,6310,25259,32387,29402,26543,22180,17486
50,5,56,-1,"Dang","No Birth",0,0,0,0,0,0,0,0
50,5,56,0,"Dang","0 Children born",150549,5241,21882,29667,28171,26120,22045,17423
50,5,56,1,"Dang","1 Children",8946,1065,3356,2695,1217,420,131,62
50,5,56,2,"Dang","2 Children",72,4,21,25,14,3,4,1
50,5,56,3,"Dang","3 & More Children",0,0,0,0,0,0,0,0
50,5,56,9,"Dang","FOR BLANK LINE",,,,,,,,
50,5,56,10,"Dang","Both Sexes",9090,1073,3398,2745,1245,426,139,64
50,5,56,11,"Dang","Male",4755,566,1747,1432,659,247,68,36
50,5,56,12,"Dang","Female",4335,507,1651,1313,586,179,71,28
50,5,57,-2,"Banke","Total Ever Married Female",131464,4732,21481,26685,24665,22645,17815,13441
50,5,57,-1,"Banke","No Birth",0,0,0,0,0,0,0,0
50,5,57,0,"Banke","0 Children born",122105,4079,18303,23804,23087,21923,17583,13326
50,5,57,1,"Banke","1 Children",9253,647,3146,2849,1556,710,231,114
50,5,57,2,"Banke","2 Children",106,6,32,32,22,12,1,1
50,5,57,3,"Banke","3 & More Children",0,0,0,0,0,0,0,0
50,5,57,9,"Banke","FOR BLANK LINE",,,,,,,,
50,5,57,10,"Banke","Both Sexes",9465,659,3210,2913,1600,734,233,116
50,5,57,11,"Banke","Male",4996,349,1660,1575,852,378,118,64
50,5,57,12,"Banke","Female",4469,310,1550,1338,748,356,115,52
50,5,58,-2,"Bardiya","Total Ever Married Female",109244,4403,17390,22234,19572,18686,14979,11980
50,5,58,-1,"Bardiya","No Birth",0,0,0,0,0,0,0,0
50,5,58,0,"Bardiya","0 Children born",102523,3739,14889,20114,18640,18355,14870,11916
50,5,58,1,"Bardiya","1 Children",6659,663,2479,2107,920,325,106,59
50,5,58,2,"Bardiya","2 Children",62,1,22,13,12,6,3,5
50,5,58,3,"Bardiya","3 & More Children",0,0,0,0,0,0,0,0
50,5,58,9,"Bardiya","FOR BLANK LINE",,,,,,,,
50,5,58,10,"Bardiya","Both Sexes",6783,665,2523,2133,944,337,112,69
50,5,58,11,"Bardiya","Male",3585,354,1279,1163,500,183,60,46
50,5,58,12,"Bardiya","Female",3198,311,1244,970,444,154,52,23
50,6,59,-2,"Dolpa","Total Ever Married Female",8015,333,1288,1582,1431,1315,1117,949
50,6,59,-1,"Dolpa","No Birth",0,0,0,0,0,0,0,0
50,6,59,0,"Dolpa","0 Children born",7480,275,1105,1429,1350,1274,1102,945
50,6,59,1,"Dolpa","1 Children",531,58,181,152,81,41,14,4
50,6,59,2,"Dolpa","2 Children",4,0,2,1,0,0,1,0
50,6,59,3,"Dolpa","3 & More Children",0,0,0,0,0,0,0,0
50,6,59,9,"Dolpa","FOR BLANK LINE",,,,,,,,
50,6,59,10,"Dolpa","Both Sexes",539,58,185,154,81,41,16,4
50,6,59,11,"Dolpa","Male",277,32,89,85,39,22,6,4
50,6,59,12,"Dolpa","Female",262,26,96,69,42,19,10,0
50,6,60,-2,"Mugu","Total Ever Married Female",12340,808,2576,2311,2069,1783,1490,1303
50,6,60,-1,"Mugu","No Birth",0,0,0,0,0,0,0,0
50,6,60,0,"Mugu","0 Children born",11136,638,2043,2035,1944,1730,1460,1286
50,6,60,1,"Mugu","1 Children",1191,170,529,272,123,53,29,15
50,6,60,2,"Mugu","2 Children",12,0,4,3,2,0,1,2
50,6,60,3,"Mugu","3 & More Children",1,0,0,1,0,0,0,0
50,6,60,9,"Mugu","FOR BLANK LINE",,,,,,,,
50,6,60,10,"Mugu","Both Sexes",1218,170,537,281,127,53,31,19
50,6,60,11,"Mugu","Male",650,89,272,153,80,33,13,10
50,6,60,12,"Mugu","Female",568,81,265,128,47,20,18,9
50,6,61,-2,"Humla","Total Ever Married Female",10232,539,1740,1796,1879,1712,1423,1143
50,6,61,-1,"Humla","No Birth",0,0,0,0,0,0,0,0
50,6,61,0,"Humla","0 Children born",9150,427,1344,1531,1721,1613,1384,1130
50,6,61,1,"Humla","1 Children",1072,112,391,264,156,98,38,13
50,6,61,2,"Humla","2 Children",10,0,5,1,2,1,1,0
50,6,61,3,"Humla","3 & More Children",0,0,0,0,0,0,0,0
50,6,61,9,"Humla","FOR BLANK LINE",,,,,,,,
50,6,61,10,"Humla","Both Sexes",1092,112,401,266,160,100,40,13
50,6,61,11,"Humla","Male",544,61,188,135,83,52,19,6
50,6,61,12,"Humla","Female",548,51,213,131,77,48,21,7
50,6,62,-2,"Jumla","Total Ever Married Female",24468,1511,5041,4529,4074,3494,3251,2568
50,6,62,-1,"Jumla","No Birth",0,0,0,0,0,0,0,0
50,6,62,0,"Jumla","0 Children born",22521,1237,4152,4040,3902,3429,3220,2541
50,6,62,1,"Jumla","1 Children",1928,272,881,484,168,65,31,27
50,6,62,2,"Jumla","2 Children",19,2,8,5,4,0,0,0
50,6,62,3,"Jumla","3 & More Children",0,0,0,0,0,0,0,0
50,6,62,9,"Jumla","FOR BLANK LINE",,,,,,,,
50,6,62,10,"Jumla","Both Sexes",1966,276,897,494,176,65,31,27
50,6,62,11,"Jumla","Male",1045,143,445,282,104,36,18,17
50,6,62,12,"Jumla","Female",921,133,452,212,72,29,13,10
50,6,63,-2,"Kalikot","Total Ever Married Female",26444,1657,5964,4834,4101,3709,3283,2896
50,6,63,-1,"Kalikot","No Birth",0,0,0,0,0,0,0,0
50,6,63,0,"Kalikot","0 Children born",23389,1325,4637,4143,3719,3540,3190,2835
50,6,63,1,"Kalikot","1 Children",3017,326,1312,684,374,169,92,60
50,6,63,2,"Kalikot","2 Children",38,6,15,7,8,0,1,1
50,6,63,3,"Kalikot","3 & More Children",0,0,0,0,0,0,0,0
50,6,63,9,"Kalikot","FOR BLANK LINE",,,,,,,,
50,6,63,10,"Kalikot","Both Sexes",3093,338,1342,698,390,169,94,62
50,6,63,11,"Kalikot","Male",1631,170,688,393,210,90,44,36
50,6,63,12,"Kalikot","Female",1462,168,654,305,180,79,50,26
50,6,64,-2,"Dailekh","Total Ever Married Female",51364,3335,10801,9489,7589,7636,6643,5871
50,6,64,-1,"Dailekh","No Birth",0,0,0,0,0,0,0,0
50,6,64,0,"Dailekh","0 Children born",46290,2632,8567,8275,7095,7380,6536,5805
50,6,64,1,"Dailekh","1 Children",5018,697,2213,1196,490,250,106,66
50,6,64,2,"Dailekh","2 Children",56,6,21,18,4,6,1,0
50,6,64,3,"Dailekh","3 & More Children",0,0,0,0,0,0,0,0
50,6,64,9,"Dailekh","FOR BLANK LINE",,,,,,,,
50,6,64,10,"Dailekh","Both Sexes",5130,709,2255,1232,498,262,108,66
50,6,64,11,"Dailekh","Male",2646,373,1118,657,271,131,65,31
50,6,64,12,"Dailekh","Female",2484,336,1137,575,227,131,43,35
50,6,65,-2,"Jajarkot","Total Ever Married Female",36115,2752,7697,6470,5436,5327,4625,3808
50,6,65,-1,"Jajarkot","No Birth",0,0,0,0,0,0,0,0
50,6,65,0,"Jajarkot","0 Children born",32299,2151,6057,5656,5053,5119,4514,3749
50,6,65,1,"Jajarkot","1 Children",3767,593,1627,802,376,204,106,59
50,6,65,2,"Jajarkot","2 Children",49,8,13,12,7,4,5,0
50,6,65,3,"Jajarkot","3 & More Children",0,0,0,0,0,0,0,0
50,6,65,9,"Jajarkot","FOR BLANK LINE",,,,,,,,
50,6,65,10,"Jajarkot","Both Sexes",3865,609,1653,826,390,212,116,59
50,6,65,11,"Jajarkot","Male",1961,299,811,431,206,115,70,29
50,6,65,12,"Jajarkot","Female",1904,310,842,395,184,97,46,30
50,6,66,-2,"Rukum (West)","Total Ever Married Female",35676,2487,7441,6556,5814,5055,4606,3717
50,6,66,-1,"Rukum (West)","No Birth",0,0,0,0,0,0,0,0
50,6,66,0,"Rukum (West)","0 Children born",32575,1919,6065,5881,5527,4944,4544,3695
50,6,66,1,"Rukum (West)","1 Children",3069,565,1361,668,281,110,62,22
50,6,66,2,"Rukum (West)","2 Children",32,3,15,7,6,1,0,0
50,6,66,3,"Rukum (West)","3 & More Children",0,0,0,0,0,0,0,0
50,6,66,9,"Rukum (West)","FOR BLANK LINE",,,,,,,,
50,6,66,10,"Rukum (West)","Both Sexes",3133,571,1391,682,293,112,62,22
50,6,66,11,"Rukum (West)","Male",1632,296,710,359,159,59,36,13
50,6,66,12,"Rukum (West)","Female",1501,275,681,323,134,53,26,9
50,6,67,-2,"Salyan","Total Ever Married Female",53191,3476,10985,9867,8268,7706,7003,5886
50,6,67,-1,"Salyan","No Birth",0,0,0,0,0,0,0,0
50,6,67,0,"Salyan","0 Children born",48828,2703,9029,8886,7854,7567,6939,5850
50,6,67,1,"Salyan","1 Children",4324,769,1942,968,408,137,64,36
50,6,67,2,"Salyan","2 Children",39,4,14,13,6,2,0,0
50,6,67,3,"Salyan","3 & More Children",0,0,0,0,0,0,0,0
50,6,67,9,"Salyan","FOR BLANK LINE",,,,,,,,
50,6,67,10,"Salyan","Both Sexes",4402,777,1970,994,420,141,64,36
50,6,67,11,"Salyan","Male",2284,382,996,538,242,70,39,17
50,6,67,12,"Salyan","Female",2118,395,974,456,178,71,25,19
50,6,68,-2,"Surkhet","Total Ever Married Female",95138,5842,16922,18037,16791,15403,12476,9667
50,6,68,-1,"Surkhet","No Birth",0,0,0,0,0,0,0,0
50,6,68,0,"Surkhet","0 Children born",88313,4747,14151,16266,16021,15131,12378,9619
50,6,68,1,"Surkhet","1 Children",6765,1092,2748,1760,756,266,96,47
50,6,68,2,"Surkhet","2 Children",60,3,23,11,14,6,2,1
50,6,68,3,"Surkhet","3 & More Children",0,0,0,0,0,0,0,0
50,6,68,9,"Surkhet","FOR BLANK LINE",,,,,,,,
50,6,68,10,"Surkhet","Both Sexes",6885,1098,2794,1782,784,278,100,49
50,6,68,11,"Surkhet","Male",3641,571,1457,947,422,159,60,25
50,6,68,12,"Surkhet","Female",3244,527,1337,835,362,119,40,24
50,7,69,-2,"Bajura","Total Ever Married Female",26039,1390,5320,4321,4011,4187,3595,3215
50,7,69,-1,"Bajura","No Birth",0,0,0,0,0,0,0,0
50,7,69,0,"Bajura","0 Children born",23490,1105,4182,3730,3733,4042,3522,3176
50,7,69,1,"Bajura","1 Children",2525,282,1128,589,272,143,73,38
50,7,69,2,"Bajura","2 Children",24,3,10,2,6,2,0,1
50,7,69,3,"Bajura","3 & More Children",0,0,0,0,0,0,0,0
50,7,69,9,"Bajura","FOR BLANK LINE",,,,,,,,
50,7,69,10,"Bajura","Both Sexes",2573,288,1148,593,284,147,73,40
50,7,69,11,"Bajura","Male",1329,143,590,309,149,82,34,22
50,7,69,12,"Bajura","Female",1244,145,558,284,135,65,39,18
50,7,70,-2,"Bajhang","Total Ever Married Female",36390,2119,7063,6113,5690,5737,5347,4321
50,7,70,-1,"Bajhang","No Birth",0,0,0,0,0,0,0,0
50,7,70,0,"Bajhang","0 Children born",33110,1672,5603,5332,5348,5589,5275,4291
50,7,70,1,"Bajhang","1 Children",3241,445,1444,771,333,147,72,29
50,7,70,2,"Bajhang","2 Children",39,2,16,10,9,1,0,1
50,7,70,3,"Bajhang","3 & More Children",0,0,0,0,0,0,0,0
50,7,70,9,"Bajhang","FOR BLANK LINE",,,,,,,,
50,7,70,10,"Bajhang","Both Sexes",3319,449,1476,791,351,149,72,31
50,7,70,11,"Bajhang","Male",1740,227,773,427,189,80,29,15
50,7,70,12,"Bajhang","Female",1579,222,703,364,162,69,43,16
50,7,71,-2,"Darchula","Total Ever Married Female",27543,1287,5004,4891,4667,4437,3865,3392
50,7,71,-1,"Darchula","No Birth",0,0,0,0,0,0,0,0
50,7,71,0,"Darchula","0 Children born",25281,1025,3954,4340,4408,4356,3825,3373
50,7,71,1,"Darchula","1 Children",2227,261,1036,538,253,80,40,19
50,7,71,2,"Darchula","2 Children",35,1,14,13,6,1,0,0
50,7,71,3,"Darchula","3 & More Children",0,0,0,0,0,0,0,0
50,7,71,9,"Darchula","FOR BLANK LINE",,,,,,,,
50,7,71,10,"Darchula","Both Sexes",2297,263,1064,564,265,82,40,19
50,7,71,11,"Darchula","Male",1220,131,549,317,142,52,20,9
50,7,71,12,"Darchula","Female",1077,132,515,247,123,30,20,10
50,7,72,-2,"Baitadi","Total Ever Married Female",49332,1860,9824,8956,8042,7637,6917,6096
50,7,72,-1,"Baitadi","No Birth",0,0,0,0,0,0,0,0
50,7,72,0,"Baitadi","0 Children born",44666,1481,7587,7773,7536,7426,6820,6043
50,7,72,1,"Baitadi","1 Children",4623,377,2221,1170,499,207,96,53
50,7,72,2,"Baitadi","2 Children",43,2,16,13,7,4,1,0
50,7,72,3,"Baitadi","3 & More Children",0,0,0,0,0,0,0,0
50,7,72,9,"Baitadi","FOR BLANK LINE",,,,,,,,
50,7,72,10,"Baitadi","Both Sexes",4709,381,2253,1196,513,215,98,53
50,7,72,11,"Baitadi","Male",2512,196,1192,644,274,121,53,32
50,7,72,12,"Baitadi","Female",2197,185,1061,552,239,94,45,21
50,7,73,-2,"Dadeldhura","Total Ever Married Female",29430,1311,5709,5554,4785,4652,3877,3542
50,7,73,-1,"Dadeldhura","No Birth",0,0,0,0,0,0,0,0
50,7,73,0,"Dadeldhura","0 Children born",26702,1027,4417,4795,4535,4568,3842,3518
50,7,73,1,"Dadeldhura","1 Children",2701,280,1281,753,248,83,33,23
50,7,73,2,"Dadeldhura","2 Children",27,4,11,6,2,1,2,1
50,7,73,3,"Dadeldhura","3 & More Children",0,0,0,0,0,0,0,0
50,7,73,9,"Dadeldhura","FOR BLANK LINE",,,,,,,,
50,7,73,10,"Dadeldhura","Both Sexes",2755,288,1303,765,252,85,37,25
50,7,73,11,"Dadeldhura","Male",1490,145,692,418,153,54,17,11
50,7,73,12,"Dadeldhura","Female",1265,143,611,347,99,31,20,14
50,7,74,-2,"Doti","Total Ever Married Female",41593,1666,7996,7879,7002,6368,5957,4725
50,7,74,-1,"Doti","No Birth",0,0,0,0,0,0,0,0
50,7,74,0,"Doti","0 Children born",37362,1335,6083,6749,6482,6185,5871,4657
50,7,74,1,"Doti","1 Children",4191,331,1897,1116,514,182,84,67
50,7,74,2,"Doti","2 Children",40,0,16,14,6,1,2,1
50,7,74,3,"Doti","3 & More Children",0,0,0,0,0,0,0,0
50,7,74,9,"Doti","FOR BLANK LINE",,,,,,,,
50,7,74,10,"Doti","Both Sexes",4271,331,1929,1144,526,184,88,69
50,7,74,11,"Doti","Male",2319,164,1055,597,303,111,49,40
50,7,74,12,"Doti","Female",1952,167,874,547,223,73,39,29
50,7,75,-2,"Achham","Total Ever Married Female",42942,2187,8489,7601,6942,6694,6036,4993
50,7,75,-1,"Achham","No Birth",0,0,0,0,0,0,0,0
50,7,75,0,"Achham","0 Children born",37885,1718,6346,6282,6286,6402,5913,4938
50,7,75,1,"Achham","1 Children",5014,468,2132,1306,643,289,122,54
50,7,75,2,"Achham","2 Children",43,1,11,13,13,3,1,1
50,7,75,3,"Achham","3 & More Children",0,0,0,0,0,0,0,0
50,7,75,9,"Achham","FOR BLANK LINE",,,,,,,,
50,7,75,10,"Achham","Both Sexes",5100,470,2154,1332,669,295,124,56
50,7,75,11,"Achham","Male",2604,252,1091,687,351,147,54,22
50,7,75,12,"Achham","Female",2496,218,1063,645,318,148,70,34
50,7,76,-2,"Kailali","Total Ever Married Female",199079,6954,30555,39332,37711,34788,27816,21923
50,7,76,-1,"Kailali","No Birth",0,0,0,0,0,0,0,0
50,7,76,0,"Kailali","0 Children born",186047,5764,25532,35274,35874,34170,27625,21808
50,7,76,1,"Kailali","1 Children",12907,1184,4993,4006,1818,607,189,110
50,7,76,2,"Kailali","2 Children",125,6,30,52,19,11,2,5
50,7,76,3,"Kailali","3 & More Children",0,0,0,0,0,0,0,0
50,7,76,9,"Kailali","FOR BLANK LINE",,,,,,,,
50,7,76,10,"Kailali","Both Sexes",13157,1196,5053,4110,1856,629,193,120
50,7,76,11,"Kailali","Male",7173,644,2685,2239,1055,356,119,75
50,7,76,12,"Kailali","Female",5984,552,2368,1871,801,273,74,45
50,7,77,-2,"Kanchanpur","Total Ever Married Female",116024,3752,17977,23298,21476,19808,16578,13135
50,7,77,-1,"Kanchanpur","No Birth",0,0,0,0,0,0,0,0
50,7,77,0,"Kanchanpur","0 Children born",107967,3071,14618,20636,20554,19522,16484,13082
50,7,77,1,"Kanchanpur","1 Children",7993,681,3334,2640,912,281,93,52
50,7,77,2,"Kanchanpur","2 Children",64,0,25,22,10,5,1,1
50,7,77,3,"Kanchanpur","3 & More Children",0,0,0,0,0,0,0,0
50,7,77,9,"Kanchanpur","FOR BLANK LINE",,,,,,,,
50,7,77,10,"Kanchanpur","Both Sexes",8121,681,3384,2684,932,291,95,54
50,7,77,11,"Kanchanpur","Male",4435,353,1782,1485,557,170,60,28
50,7,77,12,"Kanchanpur","Female",3686,328,1602,1199,375,121,35,26
