area,prov,dist,chldtype,chldsex,area_name,typename,chldsexname,total,a_15to19,b_20to24,c_25to29,d_30to34,e_35to39,f_40to44,g_45to49
10,0,0,1,0,"Nepal","Children Ever Born","Total",12799969,108524,979226,1922277,2396947,2735867,2490862,2166266
10,0,0,1,1,"Nepal","Children Ever Born","Male",6741990,57001,511794,1009315,1257700,1437207,1315196,1153777
10,0,0,1,2,"Nepal","Children Ever Born","Female",6057979,51523,467432,912962,1139247,1298660,1175666,1012489
10,0,0,2,0,"Nepal","Children Still Alive","Total",12384091,106271,960369,1882194,2336683,2649061,2390676,2058837
10,0,0,2,1,"Nepal","Children Still Alive","Male",6502247,55631,500664,985566,1222586,1386881,1258123,1092796
10,0,0,2,2,"Nepal","Children Still Alive","Female",5881844,50640,459705,896628,1114097,1262180,1132553,966041
10,0,0,3,0,"Nepal","Children Dead","Total",415878,2253,18857,40083,60264,86806,100186,107429
10,0,0,3,1,"Nepal","Children Dead","Male",239743,1370,11130,23749,35114,50326,57073,60981
10,0,0,3,2,"Nepal","Children Dead","Female",176135,883,7727,16334,25150,36480,43113,46448
21,0,0,1,0,"Urban Munipalities","Children Ever Born","Total",8238182,62966,595934,1233247,1574625,1793188,1609745,1368477
21,0,0,1,1,"Urban Munipalities","Children Ever Born","Male",4359773,32956,312170,650607,831189,947712,854162,730977
21,0,0,1,2,"Urban Munipalities","Children Ever Born","Female",3878409,30010,283764,582640,743436,845476,755583,637500
21,0,0,2,0,"Urban Munipalities","Children Still Alive","Total",8003095,61729,585556,1210246,1540390,1743363,1553323,1308488
21,0,0,2,1,"Urban Munipalities","Children Still Alive","Male",4223848,32223,306047,636962,811198,918731,821924,696763
21,0,0,2,2,"Urban Munipalities","Children Still Alive","Female",3779247,29506,279509,573284,729192,824632,731399,611725
21,0,0,3,0,"Urban Munipalities","Children Dead","Total",235087,1237,10378,23001,34235,49825,56422,59989
21,0,0,3,1,"Urban Munipalities","Children Dead","Male",135925,733,6123,13645,19991,28981,32238,34214
21,0,0,3,2,"Urban Munipalities","Children Dead","Female",99162,504,4255,9356,14244,20844,24184,25775
22,0,0,1,0,"Rural Municipalities","Children Ever Born","Total",4561787,45558,383292,689030,822322,942679,881117,797789
22,0,0,1,1,"Rural Municipalities","Children Ever Born","Male",2382217,24045,199624,358708,426511,489495,461034,422800
22,0,0,1,2,"Rural Municipalities","Children Ever Born","Female",2179570,21513,183668,330322,395811,453184,420083,374989
22,0,0,2,0,"Rural Municipalities","Children Still Alive","Total",4380996,44542,374813,671948,796293,905698,837353,750349
22,0,0,2,1,"Rural Municipalities","Children Still Alive","Male",2278399,23408,194617,348604,411388,468150,436199,396033
22,0,0,2,2,"Rural Municipalities","Children Still Alive","Female",2102597,21134,180196,323344,384905,437548,401154,354316
22,0,0,3,0,"Rural Municipalities","Children Dead","Total",180791,1016,8479,17082,26029,36981,43764,47440
22,0,0,3,1,"Rural Municipalities","Children Dead","Male",103818,637,5007,10104,15123,21345,24835,26767
22,0,0,3,2,"Rural Municipalities","Children Dead","Female",76973,379,3472,6978,10906,15636,18929,20673
31,0,0,1,0,"Mountain","Children Ever Born","Total",798663,8157,66165,112861,142308,160554,161152,147466
31,0,0,1,1,"Mountain","Children Ever Born","Male",414892,4298,34431,58722,73438,82655,83896,77452
31,0,0,1,2,"Mountain","Children Ever Born","Female",383771,3859,31734,54139,68870,77899,77256,70014
31,0,0,2,0,"Mountain","Children Still Alive","Total",755044,7914,64278,109063,135977,151944,150255,135613
31,0,0,2,1,"Mountain","Children Still Alive","Male",390414,4150,33318,56535,69797,77767,77903,70944
31,0,0,2,2,"Mountain","Children Still Alive","Female",364630,3764,30960,52528,66180,74177,72352,64669
31,0,0,3,0,"Mountain","Children Dead","Total",43619,243,1887,3798,6331,8610,10897,11853
31,0,0,3,1,"Mountain","Children Dead","Male",24478,148,1113,2187,3641,4888,5993,6508
31,0,0,3,2,"Mountain","Children Dead","Female",19141,95,774,1611,2690,3722,4904,5345
32,0,0,1,0,"Hill","Children Ever Born","Total",4802679,42599,333627,665570,873934,998577,996449,891923
32,0,0,1,1,"Hill","Children Ever Born","Male",2512495,22293,173683,347566,457888,523062,520687,467316
32,0,0,1,2,"Hill","Children Ever Born","Female",2290184,20306,159944,318004,416046,475515,475762,424607
32,0,0,2,0,"Hill","Children Still Alive","Total",4648470,41735,327269,652203,853207,968163,957598,848295
32,0,0,2,1,"Hill","Children Still Alive","Male",2422478,21756,169943,339561,445709,505088,498169,442252
32,0,0,2,2,"Hill","Children Still Alive","Female",2225992,19979,157326,312642,407498,463075,459429,406043
32,0,0,3,0,"Hill","Children Dead","Total",154209,864,6358,13367,20727,30414,38851,43628
32,0,0,3,1,"Hill","Children Dead","Male",90017,537,3740,8005,12179,17974,22518,25064
32,0,0,3,2,"Hill","Children Dead","Female",64192,327,2618,5362,8548,12440,16333,18564
33,0,0,1,0,"Tarai","Children Ever Born","Total",7198627,57768,579434,1143846,1380705,1576736,1333261,1126877
33,0,0,1,1,"Tarai","Children Ever Born","Male",3814603,30410,303680,603027,726374,831490,710613,609009
33,0,0,1,2,"Tarai","Children Ever Born","Female",3384024,27358,275754,540819,654331,745246,622648,517868
33,0,0,2,0,"Tarai","Children Still Alive","Total",6980577,56622,568822,1120928,1347499,1528954,1282823,1074929
33,0,0,2,1,"Tarai","Children Still Alive","Male",3689355,29725,297403,589470,707080,804026,682051,579600
33,0,0,2,2,"Tarai","Children Still Alive","Female",3291222,26897,271419,531458,640419,724928,600772,495329
33,0,0,3,0,"Tarai","Children Dead","Total",218050,1146,10612,22918,33206,47782,50438,51948
33,0,0,3,1,"Tarai","Children Dead","Male",125248,685,6277,13557,19294,27464,28562,29409
33,0,0,3,2,"Tarai","Children Dead","Female",92802,461,4335,9361,13912,20318,21876,22539
40,1,0,1,0,"Province-1","Children Ever Born","Total",1993420,17451,140909,289220,362099,421720,403569,358452
40,1,0,1,1,"Province-1","Children Ever Born","Male",1034547,9035,73067,149474,186805,218076,209892,188198
40,1,0,1,2,"Province-1","Children Ever Born","Female",958873,8416,67842,139746,175294,203644,193677,170254
40,1,0,2,0,"Province-1","Children Still Alive","Total",1937044,17119,138357,284057,354245,410174,389982,343110
40,1,0,2,1,"Province-1","Children Still Alive","Male",1000870,8827,71498,146318,182085,211181,201937,179024
40,1,0,2,2,"Province-1","Children Still Alive","Female",936174,8292,66859,137739,172160,198993,188045,164086
40,1,0,3,0,"Province-1","Children Dead","Total",56376,332,2552,5163,7854,11546,13587,15342
40,1,0,3,1,"Province-1","Children Dead","Male",33677,208,1569,3156,4720,6895,7955,9174
40,1,0,3,2,"Province-1","Children Dead","Female",22699,124,983,2007,3134,4651,5632,6168
40,2,0,1,0,"Madhesh","Children Ever Born","Total",3058526,29151,294306,521669,586523,672040,512928,441909
40,2,0,1,1,"Madhesh","Children Ever Born","Male",1640800,15462,155947,277430,310456,357228,278802,245475
40,2,0,1,2,"Madhesh","Children Ever Born","Female",1417726,13689,138359,244239,276067,314812,234126,196434
40,2,0,2,0,"Madhesh","Children Still Alive","Total",2978462,28565,289136,511587,573410,653933,496494,425337
40,2,0,2,1,"Madhesh","Children Still Alive","Male",1595454,15119,152924,271474,302848,346982,269700,236407
40,2,0,2,2,"Madhesh","Children Still Alive","Female",1383008,13446,136212,240113,270562,306951,226794,188930
40,2,0,3,0,"Madhesh","Children Dead","Total",80064,586,5170,10082,13113,18107,16434,16572
40,2,0,3,1,"Madhesh","Children Dead","Male",45346,343,3023,5956,7608,10246,9102,9068
40,2,0,3,2,"Madhesh","Children Dead","Female",34718,243,2147,4126,5505,7861,7332,7504
40,3,0,1,0,"Bagmati","Children Ever Born","Total",2262373,13631,120594,292027,422595,494255,492087,427184
40,3,0,1,1,"Bagmati","Children Ever Born","Male",1189410,7031,62428,152682,223043,260727,259042,224457
40,3,0,1,2,"Bagmati","Children Ever Born","Female",1072963,6600,58166,139345,199552,233528,233045,202727
40,3,0,2,0,"Bagmati","Children Still Alive","Total",2206555,13415,118820,287606,415208,483437,477579,410490
40,3,0,2,1,"Bagmati","Children Still Alive","Male",1156778,6894,61370,150011,218662,254343,250610,214888
40,3,0,2,2,"Bagmati","Children Still Alive","Female",1049777,6521,57450,137595,196546,229094,226969,195602
40,3,0,3,0,"Bagmati","Children Dead","Total",55818,216,1774,4421,7387,10818,14508,16694
40,3,0,3,1,"Bagmati","Children Dead","Male",32632,137,1058,2671,4381,6384,8432,9569
40,3,0,3,2,"Bagmati","Children Dead","Female",23186,79,716,1750,3006,4434,6076,7125
40,4,0,1,0,"Gandaki","Children Ever Born","Total",995815,8311,62648,141791,184437,207041,205598,185989
40,4,0,1,1,"Gandaki","Children Ever Born","Male",523371,4391,32556,74676,97359,109371,107677,97341
40,4,0,1,2,"Gandaki","Children Ever Born","Female",472444,3920,30092,67115,87078,97670,97921,88648
40,4,0,2,0,"Gandaki","Children Still Alive","Total",968670,8151,61638,139309,180861,201548,198851,178312
40,4,0,2,1,"Gandaki","Children Still Alive","Male",507470,4299,31964,73193,95241,106090,103747,92936
40,4,0,2,2,"Gandaki","Children Still Alive","Female",461200,3852,29674,66116,85620,95458,95104,85376
40,4,0,3,0,"Gandaki","Children Dead","Total",27145,160,1010,2482,3576,5493,6747,7677
40,4,0,3,1,"Gandaki","Children Dead","Male",15901,92,592,1483,2118,3281,3930,4405
40,4,0,3,2,"Gandaki","Children Dead","Female",11244,68,418,999,1458,2212,2817,3272
40,5,0,1,0,"Lumbini","Children Ever Born","Total",2332993,18018,170217,356677,448054,501292,455565,383170
40,5,0,1,1,"Lumbini","Children Ever Born","Male",1224032,9422,88071,186260,234042,262709,239916,203612
40,5,0,1,2,"Lumbini","Children Ever Born","Female",1108961,8596,82146,170417,214012,238583,215649,179558
40,5,0,2,0,"Lumbini","Children Still Alive","Total",2245103,17660,166625,348312,434925,482385,433955,361241
40,5,0,2,1,"Lumbini","Children Still Alive","Male",1173451,9203,85950,181356,226494,251778,227488,191182
40,5,0,2,2,"Lumbini","Children Still Alive","Female",1071652,8457,80675,166956,208431,230607,206467,170059
40,5,0,3,0,"Lumbini","Children Dead","Total",87890,358,3592,8365,13129,18907,21610,21929
40,5,0,3,1,"Lumbini","Children Dead","Male",50581,219,2121,4904,7548,10931,12428,12430
40,5,0,3,2,"Lumbini","Children Dead","Female",37309,139,1471,3461,5581,7976,9182,9499
40,6,0,1,0,"Karnali","Children Ever Born","Total",852322,11993,85730,129766,152335,167110,161612,143776
40,6,0,1,1,"Karnali","Children Ever Born","Male",444699,6388,44744,67867,79492,86964,84002,75242
40,6,0,1,2,"Karnali","Children Ever Born","Female",407623,5605,40986,61899,72843,80146,77610,68534
40,6,0,2,0,"Karnali","Children Still Alive","Total",801248,11629,83107,125023,144983,157092,149076,130338
40,6,0,2,1,"Karnali","Children Still Alive","Male",415496,6155,43217,65093,75254,81136,76940,67701
40,6,0,2,2,"Karnali","Children Still Alive","Female",385752,5474,39890,59930,69729,75956,72136,62637
40,6,0,3,0,"Karnali","Children Dead","Total",51074,364,2623,4743,7352,10018,12536,13438
40,6,0,3,1,"Karnali","Children Dead","Male",29203,233,1527,2774,4238,5828,7062,7541
40,6,0,3,2,"Karnali","Children Dead","Female",21871,131,1096,1969,3114,4190,5474,5897
40,7,0,1,0,"Sudur Paschim","Children Ever Born","Total",1304520,9969,104822,191127,240904,272409,259503,225786
40,7,0,1,1,"Sudur Paschim","Children Ever Born","Male",685131,5272,54981,100926,126503,142132,135865,119452
40,7,0,1,2,"Sudur Paschim","Children Ever Born","Female",619389,4697,49841,90201,114401,130277,123638,106334
40,7,0,2,0,"Sudur Paschim","Children Still Alive","Total",1247009,9732,102686,186300,233051,260492,244739,210009
40,7,0,2,1,"Sudur Paschim","Children Still Alive","Male",652728,5134,53741,98121,122002,135371,127701,110658
40,7,0,2,2,"Sudur Paschim","Children Still Alive","Female",594281,4598,48945,88179,111049,125121,117038,99351
40,7,0,3,0,"Sudur Paschim","Children Dead","Total",57511,237,2136,4827,7853,11917,14764,15777
40,7,0,3,1,"Sudur Paschim","Children Dead","Male",32403,138,1240,2805,4501,6761,8164,8794
40,7,0,3,2,"Sudur Paschim","Children Dead","Female",25108,99,896,2022,3352,5156,6600,6983
50,1,1,1,0,"Taplejung","Children Ever Born","Total",47970,706,3994,6879,8335,9129,9616,9311
50,1,1,1,1,"Taplejung","Children Ever Born","Male",24823,351,2096,3533,4241,4672,5010,4920
50,1,1,1,2,"Taplejung","Children Ever Born","Female",23147,355,1898,3346,4094,4457,4606,4391
50,1,1,2,0,"Taplejung","Children Still Alive","Total",46149,691,3913,6709,8085,8789,9175,8787
50,1,1,2,1,"Taplejung","Children Still Alive","Male",23722,342,2042,3432,4075,4476,4737,4618
50,1,1,2,2,"Taplejung","Children Still Alive","Female",22427,349,1871,3277,4010,4313,4438,4169
50,1,1,3,0,"Taplejung","Children Dead","Total",1821,15,81,170,250,340,441,524
50,1,1,3,1,"Taplejung","Children Dead","Male",1101,9,54,101,166,196,273,302
50,1,1,3,2,"Taplejung","Children Dead","Female",720,6,27,69,84,144,168,222
50,1,2,1,0,"Sankhuwasabha","Children Ever Born","Total",64570,802,4891,9204,11412,13101,13276,11884
50,1,2,1,1,"Sankhuwasabha","Children Ever Born","Male",33459,419,2561,4752,5879,6767,6868,6213
50,1,2,1,2,"Sankhuwasabha","Children Ever Born","Female",31111,383,2330,4452,5533,6334,6408,5671
50,1,2,2,0,"Sankhuwasabha","Children Still Alive","Total",61935,781,4779,8940,11024,12555,12631,11225
50,1,2,2,1,"Sankhuwasabha","Children Still Alive","Male",31948,409,2484,4599,5661,6438,6533,5824
50,1,2,2,2,"Sankhuwasabha","Children Still Alive","Female",29987,372,2295,4341,5363,6117,6098,5401
50,1,2,3,0,"Sankhuwasabha","Children Dead","Total",2635,21,112,264,388,546,645,659
50,1,2,3,1,"Sankhuwasabha","Children Dead","Male",1511,10,77,153,218,329,335,389
50,1,2,3,2,"Sankhuwasabha","Children Dead","Female",1124,11,35,111,170,217,310,270
50,1,3,1,0,"Solukhumbu","Children Ever Born","Total",40671,376,2820,5417,6821,8486,8940,7811
50,1,3,1,1,"Solukhumbu","Children Ever Born","Male",20942,204,1448,2756,3509,4265,4676,4084
50,1,3,1,2,"Solukhumbu","Children Ever Born","Female",19729,172,1372,2661,3312,4221,4264,3727
50,1,3,2,0,"Solukhumbu","Children Still Alive","Total",38971,370,2765,5304,6624,8168,8406,7334
50,1,3,2,1,"Solukhumbu","Children Still Alive","Male",19930,200,1412,2692,3382,4077,4358,3809
50,1,3,2,2,"Solukhumbu","Children Still Alive","Female",19041,170,1353,2612,3242,4091,4048,3525
50,1,3,3,0,"Solukhumbu","Children Dead","Total",1700,6,55,113,197,318,534,477
50,1,3,3,1,"Solukhumbu","Children Dead","Male",1012,4,36,64,127,188,318,275
50,1,3,3,2,"Solukhumbu","Children Dead","Female",688,2,19,49,70,130,216,202
50,1,4,1,0,"Okhaldhunga","Children Ever Born","Total",53335,480,3946,7326,9051,10544,11295,10693
50,1,4,1,1,"Okhaldhunga","Children Ever Born","Male",27275,234,2059,3704,4570,5322,5801,5585
50,1,4,1,2,"Okhaldhunga","Children Ever Born","Female",26060,246,1887,3622,4481,5222,5494,5108
50,1,4,2,0,"Okhaldhunga","Children Still Alive","Total",52068,474,3884,7219,8909,10307,10990,10285
50,1,4,2,1,"Okhaldhunga","Children Still Alive","Male",26510,230,2015,3633,4490,5175,5623,5344
50,1,4,2,2,"Okhaldhunga","Children Still Alive","Female",25558,244,1869,3586,4419,5132,5367,4941
50,1,4,3,0,"Okhaldhunga","Children Dead","Total",1267,6,62,107,142,237,305,408
50,1,4,3,1,"Okhaldhunga","Children Dead","Male",765,4,44,71,80,147,178,241
50,1,4,3,2,"Okhaldhunga","Children Dead","Female",502,2,18,36,62,90,127,167
50,1,5,1,0,"Khotang","Children Ever Born","Total",70185,988,5532,9732,11048,13490,14606,14789
50,1,5,1,1,"Khotang","Children Ever Born","Male",36155,543,2916,4949,5621,6848,7550,7728
50,1,5,1,2,"Khotang","Children Ever Born","Female",34030,445,2616,4783,5427,6642,7056,7061
50,1,5,2,0,"Khotang","Children Still Alive","Total",67794,968,5438,9516,10769,13052,14034,14017
50,1,5,2,1,"Khotang","Children Still Alive","Male",34748,532,2863,4825,5462,6596,7203,7267
50,1,5,2,2,"Khotang","Children Still Alive","Female",33046,436,2575,4691,5307,6456,6831,6750
50,1,5,3,0,"Khotang","Children Dead","Total",2391,20,94,216,279,438,572,772
50,1,5,3,1,"Khotang","Children Dead","Male",1407,11,53,124,159,252,347,461
50,1,5,3,2,"Khotang","Children Dead","Female",984,9,41,92,120,186,225,311
50,1,6,1,0,"Bhojpur","Children Ever Born","Total",61796,873,4688,8288,10280,12101,12788,12778
50,1,6,1,1,"Bhojpur","Children Ever Born","Male",31731,459,2385,4169,5261,6199,6578,6680
50,1,6,1,2,"Bhojpur","Children Ever Born","Female",30065,414,2303,4119,5019,5902,6210,6098
50,1,6,2,0,"Bhojpur","Children Still Alive","Total",59473,857,4585,8101,9997,11625,12201,12107
50,1,6,2,1,"Bhojpur","Children Still Alive","Male",30368,447,2329,4067,5093,5912,6242,6278
50,1,6,2,2,"Bhojpur","Children Still Alive","Female",29105,410,2256,4034,4904,5713,5959,5829
50,1,6,3,0,"Bhojpur","Children Dead","Total",2323,16,103,187,283,476,587,671
50,1,6,3,1,"Bhojpur","Children Dead","Male",1363,12,56,102,168,287,336,402
50,1,6,3,2,"Bhojpur","Children Dead","Female",960,4,47,85,115,189,251,269
50,1,7,1,0,"Dhankuta","Children Ever Born","Total",56651,689,3808,7343,9797,11238,12327,11449
50,1,7,1,1,"Dhankuta","Children Ever Born","Male",29124,354,2006,3692,5025,5809,6384,5854
50,1,7,1,2,"Dhankuta","Children Ever Born","Female",27527,335,1802,3651,4772,5429,5943,5595
50,1,7,2,0,"Dhankuta","Children Still Alive","Total",54797,674,3728,7184,9548,10872,11854,10937
50,1,7,2,1,"Dhankuta","Children Still Alive","Male",28022,346,1959,3590,4871,5588,6113,5555
50,1,7,2,2,"Dhankuta","Children Still Alive","Female",26775,328,1769,3594,4677,5284,5741,5382
50,1,7,3,0,"Dhankuta","Children Dead","Total",1854,15,80,159,249,366,473,512
50,1,7,3,1,"Dhankuta","Children Dead","Male",1102,8,47,102,154,221,271,299
50,1,7,3,2,"Dhankuta","Children Dead","Female",752,7,33,57,95,145,202,213
50,1,8,1,0,"Terhathum","Children Ever Born","Total",34465,450,2594,4823,5957,6700,6957,6984
50,1,8,1,1,"Terhathum","Children Ever Born","Male",17807,238,1345,2513,3068,3508,3571,3564
50,1,8,1,2,"Terhathum","Children Ever Born","Female",16658,212,1249,2310,2889,3192,3386,3420
50,1,8,2,0,"Terhathum","Children Still Alive","Total",33428,443,2544,4740,5795,6500,6730,6676
50,1,8,2,1,"Terhathum","Children Still Alive","Male",17182,233,1312,2466,2970,3389,3427,3385
50,1,8,2,2,"Terhathum","Children Still Alive","Female",16246,210,1232,2274,2825,3111,3303,3291
50,1,8,3,0,"Terhathum","Children Dead","Total",1037,7,50,83,162,200,227,308
50,1,8,3,1,"Terhathum","Children Dead","Male",625,5,33,47,98,119,144,179
50,1,8,3,2,"Terhathum","Children Dead","Female",412,2,17,36,64,81,83,129
50,1,9,1,0,"Panchthar","Children Ever Born","Total",65973,995,5282,9200,11076,13089,13439,12892
50,1,9,1,1,"Panchthar","Children Ever Born","Male",33923,504,2725,4703,5728,6721,6877,6665
50,1,9,1,2,"Panchthar","Children Ever Born","Female",32050,491,2557,4497,5348,6368,6562,6227
50,1,9,2,0,"Panchthar","Children Still Alive","Total",63425,972,5156,9006,10747,12603,12834,12107
50,1,9,2,1,"Panchthar","Children Still Alive","Male",32405,492,2657,4586,5539,6409,6517,6205
50,1,9,2,2,"Panchthar","Children Still Alive","Female",31020,480,2499,4420,5208,6194,6317,5902
50,1,9,3,0,"Panchthar","Children Dead","Total",2548,23,126,194,329,486,605,785
50,1,9,3,1,"Panchthar","Children Dead","Male",1518,12,68,117,189,312,360,460
50,1,9,3,2,"Panchthar","Children Dead","Female",1030,11,58,77,140,174,245,325
50,1,10,1,0,"Ilam","Children Ever Born","Total",96118,960,6033,12837,16440,19693,21206,18949
50,1,10,1,1,"Ilam","Children Ever Born","Male",49604,500,3091,6710,8406,10112,10932,9853
50,1,10,1,2,"Ilam","Children Ever Born","Female",46514,460,2942,6127,8034,9581,10274,9096
50,1,10,2,0,"Ilam","Children Still Alive","Total",93737,943,5936,12667,16152,19202,20618,18219
50,1,10,2,1,"Ilam","Children Still Alive","Male",48167,486,3042,6597,8236,9815,10580,9411
50,1,10,2,2,"Ilam","Children Still Alive","Female",45570,457,2894,6070,7916,9387,10038,8808
50,1,10,3,0,"Ilam","Children Dead","Total",2381,17,97,170,288,491,588,730
50,1,10,3,1,"Ilam","Children Dead","Male",1437,14,49,113,170,297,352,442
50,1,10,3,2,"Ilam","Children Dead","Female",944,3,48,57,118,194,236,288
50,1,11,1,0,"Jhapa","Children Ever Born","Total",390729,2672,22707,53270,72852,85751,82644,70833
50,1,11,1,1,"Jhapa","Children Ever Born","Male",203273,1406,11805,27633,37852,44508,43036,37033
50,1,11,1,2,"Jhapa","Children Ever Born","Female",187456,1266,10902,25637,35000,41243,39608,33800
50,1,11,2,0,"Jhapa","Children Still Alive","Total",379486,2618,22309,52326,71324,83432,79801,67676
50,1,11,2,1,"Jhapa","Children Still Alive","Male",196564,1370,11551,27056,36941,43105,41420,35121
50,1,11,2,2,"Jhapa","Children Still Alive","Female",182922,1248,10758,25270,34383,40327,38381,32555
50,1,11,3,0,"Jhapa","Children Dead","Total",11243,54,398,944,1528,2319,2843,3157
50,1,11,3,1,"Jhapa","Children Dead","Male",6709,36,254,577,911,1403,1616,1912
50,1,11,3,2,"Jhapa","Children Dead","Female",4534,18,144,367,617,916,1227,1245
50,1,12,1,0,"Morang","Children Ever Born","Total",470550,3147,32968,70957,87241,104347,92920,78970
50,1,12,1,1,"Morang","Children Ever Born","Male",244665,1563,16891,36552,45119,54003,48561,41976
50,1,12,1,2,"Morang","Children Ever Born","Female",225885,1584,16077,34405,42122,50344,44359,36994
50,1,12,2,0,"Morang","Children Still Alive","Total",459160,3088,32410,69808,85574,101888,90254,76138
50,1,12,2,1,"Morang","Children Still Alive","Male",237954,1525,16554,35850,44142,52574,47012,40297
50,1,12,2,2,"Morang","Children Still Alive","Female",221206,1563,15856,33958,41432,49314,43242,35841
50,1,12,3,0,"Morang","Children Dead","Total",11390,59,558,1149,1667,2459,2666,2832
50,1,12,3,1,"Morang","Children Dead","Male",6711,38,337,702,977,1429,1549,1679
50,1,12,3,2,"Morang","Children Dead","Female",4679,21,221,447,690,1030,1117,1153
50,1,13,1,0,"Sunsari","Children Ever Born","Total",393080,2713,30576,62544,74701,83957,74189,64400
50,1,13,1,1,"Sunsari","Children Ever Born","Male",205199,1422,16011,32645,38564,43724,38725,34108
50,1,13,1,2,"Sunsari","Children Ever Born","Female",187881,1291,14565,29899,36137,40233,35464,30292
50,1,13,2,0,"Sunsari","Children Still Alive","Total",383529,2664,30027,61528,73230,81950,72070,62060
50,1,13,2,1,"Sunsari","Children Still Alive","Male",199340,1390,15657,32014,37643,42513,37448,32675
50,1,13,2,2,"Sunsari","Children Still Alive","Female",184189,1274,14370,29514,35587,39437,34622,29385
50,1,13,3,0,"Sunsari","Children Dead","Total",9551,49,549,1016,1471,2007,2119,2340
50,1,13,3,1,"Sunsari","Children Dead","Male",5859,32,354,631,921,1211,1277,1433
50,1,13,3,2,"Sunsari","Children Dead","Female",3692,17,195,385,550,796,842,907
50,1,14,1,0,"Udayapur","Children Ever Born","Total",147327,1600,11070,21400,27088,30094,29366,26709
50,1,14,1,1,"Udayapur","Children Ever Born","Male",76567,838,5728,11163,13962,15618,15323,13935
50,1,14,1,2,"Udayapur","Children Ever Born","Female",70760,762,5342,10237,13126,14476,14043,12774
50,1,14,2,0,"Udayapur","Children Still Alive","Total",143092,1576,10883,21009,26467,29231,28384,25542
50,1,14,2,1,"Udayapur","Children Still Alive","Male",74010,825,5621,10911,13580,15114,14724,13235
50,1,14,2,2,"Udayapur","Children Still Alive","Female",69082,751,5262,10098,12887,14117,13660,12307
50,1,14,3,0,"Udayapur","Children Dead","Total",4235,24,187,391,621,863,982,1167
50,1,14,3,1,"Udayapur","Children Dead","Male",2557,13,107,252,382,504,599,700
50,1,14,3,2,"Udayapur","Children Dead","Female",1678,11,80,139,239,359,383,467
50,2,15,1,0,"Saptari","Children Ever Born","Total",325979,2748,31821,54786,61866,72771,55452,46535
50,2,15,1,1,"Saptari","Children Ever Born","Male",175633,1449,16838,29310,32712,38874,30437,26013
50,2,15,1,2,"Saptari","Children Ever Born","Female",150346,1299,14983,25476,29154,33897,25015,20522
50,2,15,2,0,"Saptari","Children Still Alive","Total",319921,2714,31378,54009,60840,71373,54189,45418
50,2,15,2,1,"Saptari","Children Still Alive","Male",172071,1431,16566,28846,32081,38062,29681,25404
50,2,15,2,2,"Saptari","Children Still Alive","Female",147850,1283,14812,25163,28759,33311,24508,20014
50,2,15,3,0,"Saptari","Children Dead","Total",6058,34,443,777,1026,1398,1263,1117
50,2,15,3,1,"Saptari","Children Dead","Male",3562,18,272,464,631,812,756,609
50,2,15,3,2,"Saptari","Children Dead","Female",2496,16,171,313,395,586,507,508
50,2,16,1,0,"Siraha","Children Ever Born","Total",371408,3524,37463,63691,70610,81979,60448,53693
50,2,16,1,1,"Siraha","Children Ever Born","Male",202097,1871,20049,34577,38331,44096,33292,29881
50,2,16,1,2,"Siraha","Children Ever Born","Female",169311,1653,17414,29114,32279,37883,27156,23812
50,2,16,2,0,"Siraha","Children Still Alive","Total",362892,3451,36896,62624,69174,80089,58768,51890
50,2,16,2,1,"Siraha","Children Still Alive","Male",197145,1831,19720,33917,37481,42982,32342,28872
50,2,16,2,2,"Siraha","Children Still Alive","Female",165747,1620,17176,28707,31693,37107,26426,23018
50,2,16,3,0,"Siraha","Children Dead","Total",8516,73,567,1067,1436,1890,1680,1803
50,2,16,3,1,"Siraha","Children Dead","Male",4952,40,329,660,850,1114,950,1009
50,2,16,3,2,"Siraha","Children Dead","Female",3564,33,238,407,586,776,730,794
50,2,17,1,0,"Dhanusa","Children Ever Born","Total",449125,4572,48156,80523,83516,97952,70739,63667
50,2,17,1,1,"Dhanusa","Children Ever Born","Male",244311,2421,25784,43848,45262,52979,38528,35489
50,2,17,1,2,"Dhanusa","Children Ever Born","Female",204814,2151,22372,36675,38254,44973,32211,28178
50,2,17,2,0,"Dhanusa","Children Still Alive","Total",437266,4505,47363,79071,81675,95203,68353,61096
50,2,17,2,1,"Dhanusa","Children Still Alive","Male",237608,2380,25295,42998,44187,51416,37229,34103
50,2,17,2,2,"Dhanusa","Children Still Alive","Female",199658,2125,22068,36073,37488,43787,31124,26993
50,2,17,3,0,"Dhanusa","Children Dead","Total",11859,67,793,1452,1841,2749,2386,2571
50,2,17,3,1,"Dhanusa","Children Dead","Male",6703,41,489,850,1075,1563,1299,1386
50,2,17,3,2,"Dhanusa","Children Dead","Female",5156,26,304,602,766,1186,1087,1185
50,2,18,1,0,"Mahottari","Children Ever Born","Total",365032,3233,34147,62866,70326,81887,60698,51875
50,2,18,1,1,"Mahottari","Children Ever Born","Male",194956,1671,18077,33132,36932,43325,33030,28789
50,2,18,1,2,"Mahottari","Children Ever Born","Female",170076,1562,16070,29734,33394,38562,27668,23086
50,2,18,2,0,"Mahottari","Children Still Alive","Total",355048,3165,33582,61587,68777,79623,58595,49719
50,2,18,2,1,"Mahottari","Children Still Alive","Male",189400,1632,17743,32387,36034,42057,31906,27641
50,2,18,2,2,"Mahottari","Children Still Alive","Female",165648,1533,15839,29200,32743,37566,26689,22078
50,2,18,3,0,"Mahottari","Children Dead","Total",9984,68,565,1279,1549,2264,2103,2156
50,2,18,3,1,"Mahottari","Children Dead","Male",5556,39,334,745,898,1268,1124,1148
50,2,18,3,2,"Mahottari","Children Dead","Female",4428,29,231,534,651,996,979,1008
50,2,19,1,0,"Sarlahi","Children Ever Born","Total",433240,3868,39420,73573,82765,95064,75035,63515
50,2,19,1,1,"Sarlahi","Children Ever Born","Male",230503,2097,20815,38831,43284,50194,40343,34939
50,2,19,1,2,"Sarlahi","Children Ever Born","Female",202737,1771,18605,34742,39481,44870,34692,28576
50,2,19,2,0,"Sarlahi","Children Still Alive","Total",419481,3768,38583,71783,80501,91966,72167,60713
50,2,19,2,1,"Sarlahi","Children Still Alive","Male",222890,2037,20343,37782,42018,48515,38768,33427
50,2,19,2,2,"Sarlahi","Children Still Alive","Female",196591,1731,18240,34001,38483,43451,33399,27286
50,2,19,3,0,"Sarlahi","Children Dead","Total",13759,100,837,1790,2264,3098,2868,2802
50,2,19,3,1,"Sarlahi","Children Dead","Male",7613,60,472,1049,1266,1679,1575,1512
50,2,19,3,2,"Sarlahi","Children Dead","Female",6146,40,365,741,998,1419,1293,1290
50,2,20,1,0,"Rautahat","Children Ever Born","Total",421159,4732,42486,71378,80379,90655,71791,59738
50,2,20,1,1,"Rautahat","Children Ever Born","Male",223296,2520,22159,36955,41930,47651,38809,33272
50,2,20,1,2,"Rautahat","Children Ever Born","Female",197863,2212,20327,34423,38449,43004,32982,26466
50,2,20,2,0,"Rautahat","Children Still Alive","Total",407416,4613,41543,69633,78113,87631,68954,56929
50,2,20,2,1,"Rautahat","Children Still Alive","Male",215532,2448,21623,35930,40622,45931,37279,31699
50,2,20,2,2,"Rautahat","Children Still Alive","Female",191884,2165,19920,33703,37491,41700,31675,25230
50,2,20,3,0,"Rautahat","Children Dead","Total",13743,119,943,1745,2266,3024,2837,2809
50,2,20,3,1,"Rautahat","Children Dead","Male",7764,72,536,1025,1308,1720,1530,1573
50,2,20,3,2,"Rautahat","Children Dead","Female",5979,47,407,720,958,1304,1307,1236
50,2,21,1,0,"Bara","Children Ever Born","Total",376249,3697,34335,62731,73794,82200,63954,55538
50,2,21,1,1,"Bara","Children Ever Born","Male",201089,1929,18172,33205,38706,43287,34809,30981
50,2,21,1,2,"Bara","Children Ever Born","Female",175160,1768,16163,29526,35088,38913,29145,24557
50,2,21,2,0,"Bara","Children Still Alive","Total",367146,3634,33767,61626,72213,80129,62153,53624
50,2,21,2,1,"Bara","Children Still Alive","Male",195789,1895,17829,32545,37786,42075,33784,29875
50,2,21,2,2,"Bara","Children Still Alive","Female",171357,1739,15938,29081,34427,38054,28369,23749
50,2,21,3,0,"Bara","Children Dead","Total",9103,63,568,1105,1581,2071,1801,1914
50,2,21,3,1,"Bara","Children Dead","Male",5300,34,343,660,920,1212,1025,1106
50,2,21,3,2,"Bara","Children Dead","Female",3803,29,225,445,661,859,776,808
50,2,22,1,0,"Parsa","Children Ever Born","Total",316334,2777,26478,52121,63267,69532,54811,47348
50,2,22,1,1,"Parsa","Children Ever Born","Male",168915,1504,14053,27572,33299,36822,29554,26111
50,2,22,1,2,"Parsa","Children Ever Born","Female",147419,1273,12425,24549,29968,32710,25257,21237
50,2,22,2,0,"Parsa","Children Still Alive","Total",309292,2715,26024,51254,62117,67919,53315,45948
50,2,22,2,1,"Parsa","Children Still Alive","Male",165019,1465,13805,27069,32639,35944,28711,25386
50,2,22,2,2,"Parsa","Children Still Alive","Female",144273,1250,12219,24185,29478,31975,24604,20562
50,2,22,3,0,"Parsa","Children Dead","Total",7042,62,454,867,1150,1613,1496,1400
50,2,22,3,1,"Parsa","Children Dead","Male",3896,39,248,503,660,878,843,725
50,2,22,3,2,"Parsa","Children Dead","Female",3146,23,206,364,490,735,653,675
50,3,23,1,0,"Dolakha","Children Ever Born","Total",67070,483,4185,8995,11717,13516,14410,13764
50,3,23,1,1,"Dolakha","Children Ever Born","Male",34580,249,2163,4699,5969,6912,7482,7106
50,3,23,1,2,"Dolakha","Children Ever Born","Female",32490,234,2022,4296,5748,6604,6928,6658
50,3,23,2,0,"Dolakha","Children Still Alive","Total",65154,474,4128,8869,11494,13187,13917,13085
50,3,23,2,1,"Dolakha","Children Still Alive","Male",33453,244,2125,4632,5834,6720,7183,6715
50,3,23,2,2,"Dolakha","Children Still Alive","Female",31701,230,2003,4237,5660,6467,6734,6370
50,3,23,3,0,"Dolakha","Children Dead","Total",1916,9,57,126,223,329,493,679
50,3,23,3,1,"Dolakha","Children Dead","Male",1127,5,38,67,135,192,299,391
50,3,23,3,2,"Dolakha","Children Dead","Female",789,4,19,59,88,137,194,288
50,3,24,1,0,"Sindhupalchok","Children Ever Born","Total",107973,759,6587,13963,18231,22329,23643,22461
50,3,24,1,1,"Sindhupalchok","Children Ever Born","Male",55611,397,3413,7204,9332,11348,12294,11623
50,3,24,1,2,"Sindhupalchok","Children Ever Born","Female",52362,362,3174,6759,8899,10981,11349,10838
50,3,24,2,0,"Sindhupalchok","Children Still Alive","Total",103718,747,6457,13660,17651,21524,22514,21165
50,3,24,2,1,"Sindhupalchok","Children Still Alive","Male",53197,387,3330,7028,9012,10907,11666,10867
50,3,24,2,2,"Sindhupalchok","Children Still Alive","Female",50521,360,3127,6632,8639,10617,10848,10298
50,3,24,3,0,"Sindhupalchok","Children Dead","Total",4255,12,130,303,580,805,1129,1296
50,3,24,3,1,"Sindhupalchok","Children Dead","Male",2414,10,83,176,320,441,628,756
50,3,24,3,2,"Sindhupalchok","Children Dead","Female",1841,2,47,127,260,364,501,540
50,3,25,1,0,"Rasuwa","Children Ever Born","Total",19783,149,1224,2819,3651,3847,4248,3845
50,3,25,1,1,"Rasuwa","Children Ever Born","Male",10109,78,586,1443,1820,2011,2152,2019
50,3,25,1,2,"Rasuwa","Children Ever Born","Female",9674,71,638,1376,1831,1836,2096,1826
50,3,25,2,0,"Rasuwa","Children Still Alive","Total",18921,148,1204,2758,3531,3713,4015,3552
50,3,25,2,1,"Rasuwa","Children Still Alive","Male",9633,78,575,1414,1749,1930,2017,1870
50,3,25,2,2,"Rasuwa","Children Still Alive","Female",9288,70,629,1344,1782,1783,1998,1682
50,3,25,3,0,"Rasuwa","Children Dead","Total",862,1,20,61,120,134,233,293
50,3,25,3,1,"Rasuwa","Children Dead","Male",476,0,11,29,71,81,135,149
50,3,25,3,2,"Rasuwa","Children Dead","Female",386,1,9,32,49,53,98,144
50,3,26,1,0,"Dhading","Children Ever Born","Total",139615,1252,9797,19815,24551,29154,28997,26049
50,3,26,1,1,"Dhading","Children Ever Born","Male",72114,626,5065,10140,12714,15165,14920,13484
50,3,26,1,2,"Dhading","Children Ever Born","Female",67501,626,4732,9675,11837,13989,14077,12565
50,3,26,2,0,"Dhading","Children Still Alive","Total",134198,1232,9594,19405,23910,28098,27549,24410
50,3,26,2,1,"Dhading","Children Still Alive","Male",68992,612,4954,9895,12339,14552,14081,12559
50,3,26,2,2,"Dhading","Children Still Alive","Female",65206,620,4640,9510,11571,13546,13468,11851
50,3,26,3,0,"Dhading","Children Dead","Total",5417,20,203,410,641,1056,1448,1639
50,3,26,3,1,"Dhading","Children Dead","Male",3122,14,111,245,375,613,839,925
50,3,26,3,2,"Dhading","Children Dead","Female",2295,6,92,165,266,443,609,714
50,3,27,1,0,"Nuwakot","Children Ever Born","Total",113635,901,7573,15818,19951,23202,24071,22119
50,3,27,1,1,"Nuwakot","Children Ever Born","Male",58323,467,3855,8146,10231,11943,12396,11285
50,3,27,1,2,"Nuwakot","Children Ever Born","Female",55312,434,3718,7672,9720,11259,11675,10834
50,3,27,2,0,"Nuwakot","Children Still Alive","Total",108961,880,7429,15472,19361,22276,22788,20755
50,3,27,2,1,"Nuwakot","Children Still Alive","Male",55671,454,3766,7925,9891,11406,11674,10555
50,3,27,2,2,"Nuwakot","Children Still Alive","Female",53290,426,3663,7547,9470,10870,11114,10200
50,3,27,3,0,"Nuwakot","Children Dead","Total",4674,21,144,346,590,926,1283,1364
50,3,27,3,1,"Nuwakot","Children Dead","Male",2652,13,89,221,340,537,722,730
50,3,27,3,2,"Nuwakot","Children Dead","Female",2022,8,55,125,250,389,561,634
50,3,28,1,0,"Kathmandu","Children Ever Born","Total",654212,1995,25473,79576,131864,152310,145080,117914
50,3,28,1,1,"Kathmandu","Children Ever Born","Male",350691,1062,13308,42404,71056,82013,78059,62789
50,3,28,1,2,"Kathmandu","Children Ever Born","Female",303521,933,12165,37172,60808,70297,67021,55125
50,3,28,2,0,"Kathmandu","Children Still Alive","Total",644204,1961,25202,78687,130342,150235,142558,115219
50,3,28,2,1,"Kathmandu","Children Still Alive","Male",344769,1043,13146,41862,70138,80741,76601,61238
50,3,28,2,2,"Kathmandu","Children Still Alive","Female",299435,918,12056,36825,60204,69494,65957,53981
50,3,28,3,0,"Kathmandu","Children Dead","Total",10008,34,271,889,1522,2075,2522,2695
50,3,28,3,1,"Kathmandu","Children Dead","Male",5922,19,162,542,918,1272,1458,1551
50,3,28,3,2,"Kathmandu","Children Dead","Female",4086,15,109,347,604,803,1064,1144
50,3,29,1,0,"Bhaktapur","Children Ever Born","Total",148530,472,5692,17837,29701,33970,33472,27386
50,3,29,1,1,"Bhaktapur","Children Ever Born","Male",79515,242,2969,9507,15872,18179,17990,14756
50,3,29,1,2,"Bhaktapur","Children Ever Born","Female",69015,230,2723,8330,13829,15791,15482,12630
50,3,29,2,0,"Bhaktapur","Children Still Alive","Total",146156,467,5638,17627,29384,33481,32858,26701
50,3,29,2,1,"Bhaktapur","Children Still Alive","Male",78075,238,2940,9381,15672,17883,17619,14342
50,3,29,2,2,"Bhaktapur","Children Still Alive","Female",68081,229,2698,8246,13712,15598,15239,12359
50,3,29,3,0,"Bhaktapur","Children Dead","Total",2374,5,54,210,317,489,614,685
50,3,29,3,1,"Bhaktapur","Children Dead","Male",1440,4,29,126,200,296,371,414
50,3,29,3,2,"Bhaktapur","Children Dead","Female",934,1,25,84,117,193,243,271
50,3,30,1,0,"Lalitpur","Children Ever Born","Total",173761,602,6485,19054,32337,40332,41099,33852
50,3,30,1,1,"Lalitpur","Children Ever Born","Male",91870,318,3419,9989,17094,21335,21793,17922
50,3,30,1,2,"Lalitpur","Children Ever Born","Female",81891,284,3066,9065,15243,18997,19306,15930
50,3,30,2,0,"Lalitpur","Children Still Alive","Total",171618,597,6433,18900,32033,39903,40515,33237
50,3,30,2,1,"Lalitpur","Children Still Alive","Male",90582,316,3392,9891,16912,21074,21438,17559
50,3,30,2,2,"Lalitpur","Children Still Alive","Female",81036,281,3041,9009,15121,18829,19077,15678
50,3,30,3,0,"Lalitpur","Children Dead","Total",2143,5,52,154,304,429,584,615
50,3,30,3,1,"Lalitpur","Children Dead","Male",1288,2,27,98,182,261,355,363
50,3,30,3,2,"Lalitpur","Children Dead","Female",855,3,25,56,122,168,229,252
50,3,31,1,0,"Kavrepalanchok","Children Ever Born","Total",146257,880,7942,18521,25403,30811,32362,30338
50,3,31,1,1,"Kavrepalanchok","Children Ever Born","Male",75763,477,4074,9608,13198,15995,16718,15693
50,3,31,1,2,"Kavrepalanchok","Children Ever Born","Female",70494,403,3868,8913,12205,14816,15644,14645
50,3,31,2,0,"Kavrepalanchok","Children Still Alive","Total",142410,863,7834,18286,24940,30075,31367,29045
50,3,31,2,1,"Kavrepalanchok","Children Still Alive","Male",73530,464,4012,9462,12929,15562,16137,14964
50,3,31,2,2,"Kavrepalanchok","Children Still Alive","Female",68880,399,3822,8824,12011,14513,15230,14081
50,3,31,3,0,"Kavrepalanchok","Children Dead","Total",3847,17,108,235,463,736,995,1293
50,3,31,3,1,"Kavrepalanchok","Children Dead","Male",2233,13,62,146,269,433,581,729
50,3,31,3,2,"Kavrepalanchok","Children Dead","Female",1614,4,46,89,194,303,414,564
50,3,32,1,0,"Ramechhap","Children Ever Born","Total",66847,456,4338,8115,10762,13486,14397,15293
50,3,32,1,1,"Ramechhap","Children Ever Born","Male",34096,240,2222,4103,5425,6897,7285,7924
50,3,32,1,2,"Ramechhap","Children Ever Born","Female",32751,216,2116,4012,5337,6589,7112,7369
50,3,32,2,0,"Ramechhap","Children Still Alive","Total",65184,445,4274,8012,10580,13201,13942,14730
50,3,32,2,1,"Ramechhap","Children Still Alive","Male",33100,235,2180,4036,5309,6738,7005,7597
50,3,32,2,2,"Ramechhap","Children Still Alive","Female",32084,210,2094,3976,5271,6463,6937,7133
50,3,32,3,0,"Ramechhap","Children Dead","Total",1663,11,64,103,182,285,455,563
50,3,32,3,1,"Ramechhap","Children Dead","Male",996,5,42,67,116,159,280,327
50,3,32,3,2,"Ramechhap","Children Dead","Female",667,6,22,36,66,126,175,236
50,3,33,1,0,"Sindhuli","Children Ever Born","Total",137625,1473,10356,18930,23394,28256,28713,26503
50,3,33,1,1,"Sindhuli","Children Ever Born","Male",70784,756,5322,9697,11956,14550,14695,13808
50,3,33,1,2,"Sindhuli","Children Ever Born","Female",66841,717,5034,9233,11438,13706,14018,12695
50,3,33,2,0,"Sindhuli","Children Still Alive","Total",132922,1450,10158,18559,22802,27329,27491,25133
50,3,33,2,1,"Sindhuli","Children Still Alive","Male",68058,742,5203,9473,11614,14009,14009,13008
50,3,33,2,2,"Sindhuli","Children Still Alive","Female",64864,708,4955,9086,11188,13320,13482,12125
50,3,33,3,0,"Sindhuli","Children Dead","Total",4703,23,198,371,592,927,1222,1370
50,3,33,3,1,"Sindhuli","Children Dead","Male",2726,14,119,224,342,541,686,800
50,3,33,3,2,"Sindhuli","Children Dead","Female",1977,9,79,147,250,386,536,570
50,3,34,1,0,"Makwanpur","Children Ever Born","Total",197930,1968,13924,27867,36147,40383,41054,36587
50,3,34,1,1,"Makwanpur","Children Ever Born","Male",102823,950,7142,14408,19018,21040,21193,19072
50,3,34,1,2,"Makwanpur","Children Ever Born","Female",95107,1018,6782,13459,17129,19343,19861,17515
50,3,34,2,0,"Makwanpur","Children Still Alive","Total",191440,1938,13693,27360,35338,39195,39377,34539
50,3,34,2,1,"Makwanpur","Children Still Alive","Male",99005,931,6996,14097,18528,20322,20243,17888
50,3,34,2,2,"Makwanpur","Children Still Alive","Female",92435,1007,6697,13263,16810,18873,19134,16651
50,3,34,3,0,"Makwanpur","Children Dead","Total",6490,30,231,507,809,1188,1677,2048
50,3,34,3,1,"Makwanpur","Children Dead","Male",3818,19,146,311,490,718,950,1184
50,3,34,3,2,"Makwanpur","Children Dead","Female",2672,11,85,196,319,470,727,864
50,3,35,1,0,"Chitawan","Children Ever Born","Total",289135,2241,17018,40717,54886,62659,60541,51073
50,3,35,1,1,"Chitawan","Children Ever Born","Male",153131,1169,8890,21334,29358,33339,32065,26976
50,3,35,1,2,"Chitawan","Children Ever Born","Female",136004,1072,8128,19383,25528,29320,28476,24097
50,3,35,2,0,"Chitawan","Children Still Alive","Total",281669,2213,16776,40011,53842,61220,58688,48919
50,3,35,2,1,"Chitawan","Children Still Alive","Male",148713,1150,8751,20915,28735,32499,30937,25726
50,3,35,2,2,"Chitawan","Children Still Alive","Female",132956,1063,8025,19096,25107,28721,27751,23193
50,3,35,3,0,"Chitawan","Children Dead","Total",7466,28,242,706,1044,1439,1853,2154
50,3,35,3,1,"Chitawan","Children Dead","Male",4418,19,139,419,623,840,1128,1250
50,3,35,3,2,"Chitawan","Children Dead","Female",3048,9,103,287,421,599,725,904
50,4,36,1,0,"Gorkha","Children Ever Born","Total",101029,871,6553,13747,17513,20266,21881,20198
50,4,36,1,1,"Gorkha","Children Ever Born","Male",52289,489,3400,7175,8985,10429,11375,10436
50,4,36,1,2,"Gorkha","Children Ever Born","Female",48740,382,3153,6572,8528,9837,10506,9762
50,4,36,2,0,"Gorkha","Children Still Alive","Total",97743,859,6448,13479,17066,19646,21016,19229
50,4,36,2,1,"Gorkha","Children Still Alive","Male",50393,481,3344,7009,8734,10074,10875,9876
50,4,36,2,2,"Gorkha","Children Still Alive","Female",47350,378,3104,6470,8332,9572,10141,9353
50,4,36,3,0,"Gorkha","Children Dead","Total",3286,12,105,268,447,620,865,969
50,4,36,3,1,"Gorkha","Children Dead","Male",1896,8,56,166,251,355,500,560
50,4,36,3,2,"Gorkha","Children Dead","Female",1390,4,49,102,196,265,365,409
50,4,37,1,0,"Manang","Children Ever Born","Total",1605,9,74,189,298,317,376,342
50,4,37,1,1,"Manang","Children Ever Born","Male",825,6,33,99,162,148,193,184
50,4,37,1,2,"Manang","Children Ever Born","Female",780,3,41,90,136,169,183,158
50,4,37,2,0,"Manang","Children Still Alive","Total",1541,8,71,183,286,301,365,327
50,4,37,2,1,"Manang","Children Still Alive","Male",786,5,31,94,157,139,186,174
50,4,37,2,2,"Manang","Children Still Alive","Female",755,3,40,89,129,162,179,153
50,4,37,3,0,"Manang","Children Dead","Total",64,1,3,6,12,16,11,15
50,4,37,3,1,"Manang","Children Dead","Male",39,1,2,5,5,9,7,10
50,4,37,3,2,"Manang","Children Dead","Female",25,0,1,1,7,7,4,5
50,4,38,1,0,"Mustang","Children Ever Born","Total",4268,21,190,535,762,927,910,923
50,4,38,1,1,"Mustang","Children Ever Born","Male",2126,9,92,276,384,433,465,467
50,4,38,1,2,"Mustang","Children Ever Born","Female",2142,12,98,259,378,494,445,456
50,4,38,2,0,"Mustang","Children Still Alive","Total",4065,21,186,518,733,871,872,864
50,4,38,2,1,"Mustang","Children Still Alive","Male",2017,9,88,267,369,404,446,434
50,4,38,2,2,"Mustang","Children Still Alive","Female",2048,12,98,251,364,467,426,430
50,4,38,3,0,"Mustang","Children Dead","Total",203,0,4,17,29,56,38,59
50,4,38,3,1,"Mustang","Children Dead","Male",109,0,4,9,15,29,19,33
50,4,38,3,2,"Mustang","Children Dead","Female",94,0,0,8,14,27,19,26
50,4,39,1,0,"Myagdi","Children Ever Born","Total",43452,493,3263,6326,7614,8720,8897,8139
50,4,39,1,1,"Myagdi","Children Ever Born","Male",22606,268,1652,3354,3883,4606,4592,4251
50,4,39,1,2,"Myagdi","Children Ever Born","Female",20846,225,1611,2972,3731,4114,4305,3888
50,4,39,2,0,"Myagdi","Children Still Alive","Total",41990,478,3202,6198,7435,8424,8540,7713
50,4,39,2,1,"Myagdi","Children Still Alive","Male",21746,259,1612,3281,3785,4413,4384,4012
50,4,39,2,2,"Myagdi","Children Still Alive","Female",20244,219,1590,2917,3650,4011,4156,3701
50,4,39,3,0,"Myagdi","Children Dead","Total",1462,15,61,128,179,296,357,426
50,4,39,3,1,"Myagdi","Children Dead","Male",860,9,40,73,98,193,208,239
50,4,39,3,2,"Myagdi","Children Dead","Female",602,6,21,55,81,103,149,187
50,4,40,1,0,"Kaski","Children Ever Born","Total",223117,1131,11036,30464,43995,50426,47422,38643
50,4,40,1,1,"Kaski","Children Ever Born","Male",118879,620,5770,16206,23660,27009,25213,20401
50,4,40,1,2,"Kaski","Children Ever Born","Female",104238,511,5266,14258,20335,23417,22209,18242
50,4,40,2,0,"Kaski","Children Still Alive","Total",218665,1110,10892,30035,43394,49448,46304,37482
50,4,40,2,1,"Kaski","Children Still Alive","Male",116196,608,5683,15958,23301,26404,24523,19719
50,4,40,2,2,"Kaski","Children Still Alive","Female",102469,502,5209,14077,20093,23044,21781,17763
50,4,40,3,0,"Kaski","Children Dead","Total",4452,21,144,429,601,978,1118,1161
50,4,40,3,1,"Kaski","Children Dead","Male",2683,12,87,248,359,605,690,682
50,4,40,3,2,"Kaski","Children Dead","Female",1769,9,57,181,242,373,428,479
50,4,41,1,0,"Lamjung","Children Ever Born","Total",57844,494,3691,8165,10580,12163,11393,11358
50,4,41,1,1,"Lamjung","Children Ever Born","Male",30086,258,1880,4337,5499,6376,5877,5859
50,4,41,1,2,"Lamjung","Children Ever Born","Female",27758,236,1811,3828,5081,5787,5516,5499
50,4,41,2,0,"Lamjung","Children Still Alive","Total",56524,482,3650,8045,10426,11876,11083,10962
50,4,41,2,1,"Lamjung","Children Still Alive","Male",29319,252,1854,4266,5400,6209,5702,5636
50,4,41,2,2,"Lamjung","Children Still Alive","Female",27205,230,1796,3779,5026,5667,5381,5326
50,4,41,3,0,"Lamjung","Children Dead","Total",1320,12,41,120,154,287,310,396
50,4,41,3,1,"Lamjung","Children Dead","Male",767,6,26,71,99,167,175,223
50,4,41,3,2,"Lamjung","Children Dead","Female",553,6,15,49,55,120,135,173
50,4,42,1,0,"Tanahu","Children Ever Born","Total",135373,1390,8862,19467,24921,27737,27186,25810
50,4,42,1,1,"Tanahu","Children Ever Born","Male",70583,728,4581,10234,13035,14623,14048,13334
50,4,42,1,2,"Tanahu","Children Ever Born","Female",64790,662,4281,9233,11886,13114,13138,12476
50,4,42,2,0,"Tanahu","Children Still Alive","Total",131585,1365,8698,19129,24419,26983,26242,24749
50,4,42,2,1,"Tanahu","Children Still Alive","Male",68321,713,4492,10026,12730,14166,13468,12726
50,4,42,2,2,"Tanahu","Children Still Alive","Female",63264,652,4206,9103,11689,12817,12774,12023
50,4,42,3,0,"Tanahu","Children Dead","Total",3788,25,164,338,502,754,944,1061
50,4,42,3,1,"Tanahu","Children Dead","Male",2262,15,89,208,305,457,580,608
50,4,42,3,2,"Tanahu","Children Dead","Female",1526,10,75,130,197,297,364,453
50,4,43,1,0,"Nawalparasi (Bardaghat Susta East)","Children Ever Born","Total",164800,1571,10518,23895,31685,34587,33734,28810
50,4,43,1,1,"Nawalparasi (Bardaghat Susta East)","Children Ever Born","Male",86884,812,5463,12623,16831,18394,17776,14985
50,4,43,1,2,"Nawalparasi (Bardaghat Susta East)","Children Ever Born","Female",77916,759,5055,11272,14854,16193,15958,13825
50,4,43,2,0,"Nawalparasi (Bardaghat Susta East)","Children Still Alive","Total",159084,1534,10322,23435,30950,33436,32313,27094
50,4,43,2,1,"Nawalparasi (Bardaghat Susta East)","Children Still Alive","Male",83620,793,5348,12339,16393,17730,16998,14019
50,4,43,2,2,"Nawalparasi (Bardaghat Susta East)","Children Still Alive","Female",75464,741,4974,11096,14557,15706,15315,13075
50,4,43,3,0,"Nawalparasi (Bardaghat Susta East)","Children Dead","Total",5716,37,196,460,735,1151,1421,1716
50,4,43,3,1,"Nawalparasi (Bardaghat Susta East)","Children Dead","Male",3264,19,115,284,438,664,778,966
50,4,43,3,2,"Nawalparasi (Bardaghat Susta East)","Children Dead","Female",2452,18,81,176,297,487,643,750
50,4,44,1,0,"Syangja","Children Ever Born","Total",101485,663,6157,14077,17735,20028,21388,21437
50,4,44,1,1,"Syangja","Children Ever Born","Male",53340,350,3205,7328,9355,10488,11235,11379
50,4,44,1,2,"Syangja","Children Ever Born","Female",48145,313,2952,6749,8380,9540,10153,10058
50,4,44,2,0,"Syangja","Children Still Alive","Total",99093,656,6057,13877,17462,19554,20773,20714
50,4,44,2,1,"Syangja","Children Still Alive","Male",51899,346,3143,7212,9176,10219,10867,10936
50,4,44,2,2,"Syangja","Children Still Alive","Female",47194,310,2914,6665,8286,9335,9906,9778
50,4,44,3,0,"Syangja","Children Dead","Total",2392,7,100,200,273,474,615,723
50,4,44,3,1,"Syangja","Children Dead","Male",1441,4,62,116,179,269,368,443
50,4,44,3,2,"Syangja","Children Dead","Female",951,3,38,84,94,205,247,280
50,4,45,1,0,"Parbat","Children Ever Born","Total",55072,485,3774,8325,9989,10767,11077,10655
50,4,45,1,1,"Parbat","Children Ever Born","Male",29167,238,1995,4379,5327,5744,5813,5671
50,4,45,1,2,"Parbat","Children Ever Born","Female",25905,247,1779,3946,4662,5023,5264,4984
50,4,45,2,0,"Parbat","Children Still Alive","Total",53695,473,3702,8169,9829,10505,10744,10273
50,4,45,2,1,"Parbat","Children Still Alive","Male",28349,230,1952,4284,5232,5578,5622,5451
50,4,45,2,2,"Parbat","Children Still Alive","Female",25346,243,1750,3885,4597,4927,5122,4822
50,4,45,3,0,"Parbat","Children Dead","Total",1377,12,72,156,160,262,333,382
50,4,45,3,1,"Parbat","Children Dead","Male",818,8,43,95,95,166,191,220
50,4,45,3,2,"Parbat","Children Dead","Female",559,4,29,61,65,96,142,162
50,4,46,1,0,"Baglung","Children Ever Born","Total",107770,1183,8530,16601,19345,21103,21334,19674
50,4,46,1,1,"Baglung","Children Ever Born","Male",56586,613,4485,8665,10238,11121,11090,10374
50,4,46,1,2,"Baglung","Children Ever Born","Female",51184,570,4045,7936,9107,9982,10244,9300
50,4,46,2,0,"Baglung","Children Still Alive","Total",104685,1165,8410,16241,18861,20504,20599,18905
50,4,46,2,1,"Baglung","Children Still Alive","Male",54824,603,4417,8457,9964,10754,10676,9953
50,4,46,2,2,"Baglung","Children Still Alive","Female",49861,562,3993,7784,8897,9750,9923,8952
50,4,46,3,0,"Baglung","Children Dead","Total",3085,18,120,360,484,599,735,769
50,4,46,3,1,"Baglung","Children Dead","Male",1762,10,68,208,274,367,414,421
50,4,46,3,2,"Baglung","Children Dead","Female",1323,8,52,152,210,232,321,348
50,5,47,1,0,"Rukum (East)","Children Ever Born","Total",25021,432,2476,3755,4304,4834,4737,4483
50,5,47,1,1,"Rukum (East)","Children Ever Born","Male",12952,220,1307,1965,2155,2498,2428,2379
50,5,47,1,2,"Rukum (East)","Children Ever Born","Female",12069,212,1169,1790,2149,2336,2309,2104
50,5,47,2,0,"Rukum (East)","Children Still Alive","Total",23468,415,2410,3622,4119,4564,4348,3990
50,5,47,2,1,"Rukum (East)","Children Still Alive","Male",11997,209,1269,1880,2045,2326,2185,2083
50,5,47,2,2,"Rukum (East)","Children Still Alive","Female",11471,206,1141,1742,2074,2238,2163,1907
50,5,47,3,0,"Rukum (East)","Children Dead","Total",1553,17,66,133,185,270,389,493
50,5,47,3,1,"Rukum (East)","Children Dead","Male",955,11,38,85,110,172,243,296
50,5,47,3,2,"Rukum (East)","Children Dead","Female",598,6,28,48,75,98,146,197
50,5,48,1,0,"Rolpa","Children Ever Born","Total",112253,1567,10975,16778,20645,20812,21996,19480
50,5,48,1,1,"Rolpa","Children Ever Born","Male",57873,813,5707,8701,10532,10725,11319,10076
50,5,48,1,2,"Rolpa","Children Ever Born","Female",54380,754,5268,8077,10113,10087,10677,9404
50,5,48,2,0,"Rolpa","Children Still Alive","Total",106129,1532,10691,16264,19785,19700,20363,17794
50,5,48,2,1,"Rolpa","Children Still Alive","Male",54317,789,5537,8379,10045,10069,10375,9123
50,5,48,2,2,"Rolpa","Children Still Alive","Female",51812,743,5154,7885,9740,9631,9988,8671
50,5,48,3,0,"Rolpa","Children Dead","Total",6124,35,284,514,860,1112,1633,1686
50,5,48,3,1,"Rolpa","Children Dead","Male",3556,24,170,322,487,656,944,953
50,5,48,3,2,"Rolpa","Children Dead","Female",2568,11,114,192,373,456,689,733
50,5,49,1,0,"Pyuthan","Children Ever Born","Total",116530,1251,10170,17880,21514,23030,22500,20185
50,5,49,1,1,"Pyuthan","Children Ever Born","Male",60532,675,5337,9263,11030,11918,11736,10573
50,5,49,1,2,"Pyuthan","Children Ever Born","Female",55998,576,4833,8617,10484,11112,10764,9612
50,5,49,2,0,"Pyuthan","Children Still Alive","Total",111768,1222,9959,17429,20857,22072,21373,18856
50,5,49,2,1,"Pyuthan","Children Still Alive","Male",57757,656,5210,9003,10629,11345,11083,9831
50,5,49,2,2,"Pyuthan","Children Still Alive","Female",54011,566,4749,8426,10228,10727,10290,9025
50,5,49,3,0,"Pyuthan","Children Dead","Total",4762,29,211,451,657,958,1127,1329
50,5,49,3,1,"Pyuthan","Children Dead","Male",2775,19,127,260,401,573,653,742
50,5,49,3,2,"Pyuthan","Children Dead","Female",1987,10,84,191,256,385,474,587
50,5,50,1,0,"Gulmi","Children Ever Born","Total",111520,1104,8395,16638,19515,21967,21791,22110
50,5,50,1,1,"Gulmi","Children Ever Born","Male",58249,551,4338,8715,10327,11541,11204,11573
50,5,50,1,2,"Gulmi","Children Ever Born","Female",53271,553,4057,7923,9188,10426,10587,10537
50,5,50,2,0,"Gulmi","Children Still Alive","Total",108192,1086,8263,16344,19055,21283,20957,21204
50,5,50,2,1,"Gulmi","Children Still Alive","Male",56294,539,4262,8557,10060,11121,10707,11048
50,5,50,2,2,"Gulmi","Children Still Alive","Female",51898,547,4001,7787,8995,10162,10250,10156
50,5,50,3,0,"Gulmi","Children Dead","Total",3328,18,132,294,460,684,834,906
50,5,50,3,1,"Gulmi","Children Dead","Male",1955,12,76,158,267,420,497,525
50,5,50,3,2,"Gulmi","Children Dead","Female",1373,6,56,136,193,264,337,381
50,5,51,1,0,"Arghakhanchi","Children Ever Born","Total",84385,805,6372,12843,14723,16294,16869,16479
50,5,51,1,1,"Arghakhanchi","Children Ever Born","Male",44628,421,3330,6886,7804,8632,8892,8663
50,5,51,1,2,"Arghakhanchi","Children Ever Born","Female",39757,384,3042,5957,6919,7662,7977,7816
50,5,51,2,0,"Arghakhanchi","Children Still Alive","Total",81632,795,6253,12554,14327,15771,16206,15726
50,5,51,2,1,"Arghakhanchi","Children Still Alive","Male",43042,417,3265,6720,7576,8311,8497,8256
50,5,51,2,2,"Arghakhanchi","Children Still Alive","Female",38590,378,2988,5834,6751,7460,7709,7470
50,5,51,3,0,"Arghakhanchi","Children Dead","Total",2753,10,119,289,396,523,663,753
50,5,51,3,1,"Arghakhanchi","Children Dead","Male",1586,4,65,166,228,321,395,407
50,5,51,3,2,"Arghakhanchi","Children Dead","Female",1167,6,54,123,168,202,268,346
50,5,52,1,0,"Palpa","Children Ever Born","Total",103754,1075,6935,14829,18789,20754,20889,20483
50,5,52,1,1,"Palpa","Children Ever Born","Male",54140,550,3654,7638,9863,10715,10890,10830
50,5,52,1,2,"Palpa","Children Ever Born","Female",49614,525,3281,7191,8926,10039,9999,9653
50,5,52,2,0,"Palpa","Children Still Alive","Total",100631,1059,6818,14552,18372,20116,20193,19521
50,5,52,2,1,"Palpa","Children Still Alive","Male",52298,537,3582,7470,9623,10351,10473,10262
50,5,52,2,2,"Palpa","Children Still Alive","Female",48333,522,3236,7082,8749,9765,9720,9259
50,5,52,3,0,"Palpa","Children Dead","Total",3123,16,117,277,417,638,696,962
50,5,52,3,1,"Palpa","Children Dead","Male",1842,13,72,168,240,364,417,568
50,5,52,3,2,"Palpa","Children Dead","Female",1281,3,45,109,177,274,279,394
50,5,53,1,0,"Nawalparasi (Bardaghat Susta West)","Children Ever Born","Total",171609,935,11328,26317,33480,38776,34133,26640
50,5,53,1,1,"Nawalparasi (Bardaghat Susta West)","Children Ever Born","Male",90147,497,5888,13777,17562,20279,17973,14171
50,5,53,1,2,"Nawalparasi (Bardaghat Susta West)","Children Ever Born","Female",81462,438,5440,12540,15918,18497,16160,12469
50,5,53,2,0,"Nawalparasi (Bardaghat Susta West)","Children Still Alive","Total",165060,914,11095,25677,32526,37306,32468,25074
50,5,53,2,1,"Nawalparasi (Bardaghat Susta West)","Children Still Alive","Male",86274,485,5734,13389,17011,19399,16982,13274
50,5,53,2,2,"Nawalparasi (Bardaghat Susta West)","Children Still Alive","Female",78786,429,5361,12288,15515,17907,15486,11800
50,5,53,3,0,"Nawalparasi (Bardaghat Susta West)","Children Dead","Total",6549,21,233,640,954,1470,1665,1566
50,5,53,3,1,"Nawalparasi (Bardaghat Susta West)","Children Dead","Male",3873,12,154,388,551,880,991,897
50,5,53,3,2,"Nawalparasi (Bardaghat Susta West)","Children Dead","Female",2676,9,79,252,403,590,674,669
50,5,54,1,0,"Rupandehi","Children Ever Born","Total",489695,2210,30160,73617,97385,112885,97019,76419
50,5,54,1,1,"Rupandehi","Children Ever Born","Male",259239,1137,15504,38645,51124,59927,51804,41098
50,5,54,1,2,"Rupandehi","Children Ever Born","Female",230456,1073,14656,34972,46261,52958,45215,35321
50,5,54,2,0,"Rupandehi","Children Still Alive","Total",473857,2169,29600,72093,95000,109277,92978,72740
50,5,54,2,1,"Rupandehi","Children Still Alive","Male",250190,1110,15184,37792,49745,57896,49471,38992
50,5,54,2,2,"Rupandehi","Children Still Alive","Female",223667,1059,14416,34301,45255,51381,43507,33748
50,5,54,3,0,"Rupandehi","Children Dead","Total",15838,41,560,1524,2385,3608,4041,3679
50,5,54,3,1,"Rupandehi","Children Dead","Male",9049,27,320,853,1379,2031,2333,2106
50,5,54,3,2,"Rupandehi","Children Dead","Female",6789,14,240,671,1006,1577,1708,1573
50,5,55,1,0,"Kapilbastu","Children Ever Born","Total",326148,1420,21480,49661,65079,73501,64387,50620
50,5,55,1,1,"Kapilbastu","Children Ever Born","Male",170576,761,11128,25609,33755,38231,34007,27085
50,5,55,1,2,"Kapilbastu","Children Ever Born","Female",155572,659,10352,24052,31324,35270,30380,23535
50,5,55,2,0,"Kapilbastu","Children Still Alive","Total",311433,1392,20876,48209,62572,70132,60893,47359
50,5,55,2,1,"Kapilbastu","Children Still Alive","Male",162456,742,10762,24775,32393,36373,32091,25320
50,5,55,2,2,"Kapilbastu","Children Still Alive","Female",148977,650,10114,23434,30179,33759,28802,22039
50,5,55,3,0,"Kapilbastu","Children Dead","Total",14715,28,604,1452,2507,3369,3494,3261
50,5,55,3,1,"Kapilbastu","Children Dead","Male",8120,19,366,834,1362,1858,1916,1765
50,5,55,3,2,"Kapilbastu","Children Dead","Female",6595,9,238,618,1145,1511,1578,1496
50,5,56,1,0,"Dang","Children Ever Born","Total",304719,3216,24559,48245,58652,62727,58419,48901
50,5,56,1,1,"Dang","Children Ever Born","Male",159334,1656,12553,25129,30614,32710,30586,26086
50,5,56,1,2,"Dang","Children Ever Born","Female",145385,1560,12006,23116,28038,30017,27833,22815
50,5,56,2,0,"Dang","Children Still Alive","Total",295279,3154,24144,47380,57314,60806,56052,46429
50,5,56,2,1,"Dang","Children Still Alive","Male",153826,1626,12314,24628,29835,31553,29211,24659
50,5,56,2,2,"Dang","Children Still Alive","Female",141453,1528,11830,22752,27479,29253,26841,21770
50,5,56,3,0,"Dang","Children Dead","Total",9440,62,415,865,1338,1921,2367,2472
50,5,56,3,1,"Dang","Children Dead","Male",5508,30,239,501,779,1157,1375,1427
50,5,56,3,2,"Dang","Children Dead","Female",3932,32,176,364,559,764,992,1045
50,5,57,1,0,"Banke","Children Ever Born","Total",276247,2027,21078,43930,55231,60268,52024,41689
50,5,57,1,1,"Banke","Children Ever Born","Male",146061,1074,10966,23093,28988,31862,27694,22384
50,5,57,1,2,"Banke","Children Ever Born","Female",130186,953,10112,20837,26243,28406,24330,19305
50,5,57,2,0,"Banke","Children Still Alive","Total",266081,1987,20560,42863,53591,57987,49718,39375
50,5,57,2,1,"Banke","Children Still Alive","Male",140249,1048,10659,22461,28049,30580,26387,21065
50,5,57,2,2,"Banke","Children Still Alive","Female",125832,939,9901,20402,25542,27407,23331,18310
50,5,57,3,0,"Banke","Children Dead","Total",10166,40,518,1067,1640,2281,2306,2314
50,5,57,3,1,"Banke","Children Dead","Male",5812,26,307,632,939,1282,1307,1319
50,5,57,3,2,"Banke","Children Dead","Female",4354,14,211,435,701,999,999,995
50,5,58,1,0,"Bardiya","Children Ever Born","Total",211112,1976,16289,32184,38737,45444,40801,35681
50,5,58,1,1,"Bardiya","Children Ever Born","Male",110301,1067,8359,16839,20288,23671,21383,18694
50,5,58,1,2,"Bardiya","Children Ever Born","Female",100811,909,7930,15345,18449,21773,19418,16987
50,5,58,2,0,"Bardiya","Children Still Alive","Total",201573,1935,15956,31325,37407,43371,38406,33173
50,5,58,2,1,"Bardiya","Children Still Alive","Male",104751,1045,8172,16302,19483,22454,20026,17269
50,5,58,2,2,"Bardiya","Children Still Alive","Female",96822,890,7784,15023,17924,20917,18380,15904
50,5,58,3,0,"Bardiya","Children Dead","Total",9539,41,333,859,1330,2073,2395,2508
50,5,58,3,1,"Bardiya","Children Dead","Male",5550,22,187,537,805,1217,1357,1425
50,5,58,3,2,"Bardiya","Children Dead","Female",3989,19,146,322,525,856,1038,1083
50,6,59,1,0,"Dolpa","Children Ever Born","Total",20069,192,1552,3089,3791,4125,3831,3489
50,6,59,1,1,"Dolpa","Children Ever Born","Male",10175,101,773,1602,1893,2098,1938,1770
50,6,59,1,2,"Dolpa","Children Ever Born","Female",9894,91,779,1487,1898,2027,1893,1719
50,6,59,2,0,"Dolpa","Children Still Alive","Total",18433,185,1480,2944,3559,3785,3445,3035
50,6,59,2,1,"Dolpa","Children Still Alive","Male",9257,96,727,1515,1763,1903,1728,1525
50,6,59,2,2,"Dolpa","Children Still Alive","Female",9176,89,753,1429,1796,1882,1717,1510
50,6,59,3,0,"Dolpa","Children Dead","Total",1636,7,72,145,232,340,386,454
50,6,59,3,1,"Dolpa","Children Dead","Male",918,5,46,87,130,195,210,245
50,6,59,3,2,"Dolpa","Children Dead","Female",718,2,26,58,102,145,176,209
50,6,60,1,0,"Mugu","Children Ever Born","Total",33586,459,3479,5328,6437,6338,5972,5573
50,6,60,1,1,"Mugu","Children Ever Born","Male",17585,244,1793,2775,3395,3327,3106,2945
50,6,60,1,2,"Mugu","Children Ever Born","Female",16001,215,1686,2553,3042,3011,2866,2628
50,6,60,2,0,"Mugu","Children Still Alive","Total",30729,436,3324,5042,5984,5778,5307,4858
50,6,60,2,1,"Mugu","Children Still Alive","Male",16036,233,1703,2609,3137,3027,2749,2578
50,6,60,2,2,"Mugu","Children Still Alive","Female",14693,203,1621,2433,2847,2751,2558,2280
50,6,60,3,0,"Mugu","Children Dead","Total",2857,23,155,286,453,560,665,715
50,6,60,3,1,"Mugu","Children Dead","Male",1549,11,90,166,258,300,357,367
50,6,60,3,2,"Mugu","Children Dead","Female",1308,12,65,120,195,260,308,348
50,6,61,1,0,"Humla","Children Ever Born","Total",28881,319,2365,4017,5805,6041,5518,4816
50,6,61,1,1,"Humla","Children Ever Born","Male",14970,170,1224,2078,2976,3131,2850,2541
50,6,61,1,2,"Humla","Children Ever Born","Female",13911,149,1141,1939,2829,2910,2668,2275
50,6,61,2,0,"Humla","Children Still Alive","Total",25972,302,2211,3754,5322,5442,4810,4131
50,6,61,2,1,"Humla","Children Still Alive","Male",13411,159,1137,1920,2728,2795,2474,2198
50,6,61,2,2,"Humla","Children Still Alive","Female",12561,143,1074,1834,2594,2647,2336,1933
50,6,61,3,0,"Humla","Children Dead","Total",2909,17,154,263,483,599,708,685
50,6,61,3,1,"Humla","Children Dead","Male",1559,11,87,158,248,336,376,343
50,6,61,3,2,"Humla","Children Dead","Female",1350,6,67,105,235,263,332,342
50,6,62,1,0,"Jumla","Children Ever Born","Total",57332,737,6037,9340,10956,10786,10106,9370
50,6,62,1,1,"Jumla","Children Ever Born","Male",30134,403,3215,4909,5745,5597,5319,4946
50,6,62,1,2,"Jumla","Children Ever Born","Female",27198,334,2822,4431,5211,5189,4787,4424
50,6,62,2,0,"Jumla","Children Still Alive","Total",52536,702,5788,8832,10141,9878,8976,8219
50,6,62,2,1,"Jumla","Children Still Alive","Male",27436,378,3076,4627,5264,5077,4700,4314
50,6,62,2,2,"Jumla","Children Still Alive","Female",25100,324,2712,4205,4877,4801,4276,3905
50,6,62,3,0,"Jumla","Children Dead","Total",4796,35,249,508,815,908,1130,1151
50,6,62,3,1,"Jumla","Children Dead","Male",2698,25,139,282,481,520,619,632
50,6,62,3,2,"Jumla","Children Dead","Female",2098,10,110,226,334,388,511,519
50,6,63,1,0,"Kalikot","Children Ever Born","Total",74839,779,7517,10992,13399,14402,14407,13343
50,6,63,1,1,"Kalikot","Children Ever Born","Male",39475,422,3921,5838,7022,7545,7572,7155
50,6,63,1,2,"Kalikot","Children Ever Born","Female",35364,357,3596,5154,6377,6857,6835,6188
50,6,63,2,0,"Kalikot","Children Still Alive","Total",69022,748,7234,10498,12571,13285,12952,11734
50,6,63,2,1,"Kalikot","Children Still Alive","Male",36236,404,3767,5540,6554,6892,6783,6296
50,6,63,2,2,"Kalikot","Children Still Alive","Female",32786,344,3467,4958,6017,6393,6169,5438
50,6,63,3,0,"Kalikot","Children Dead","Total",5817,31,283,494,828,1117,1455,1609
50,6,63,3,1,"Kalikot","Children Dead","Male",3239,18,154,298,468,653,789,859
50,6,63,3,2,"Kalikot","Children Dead","Female",2578,13,129,196,360,464,666,750
50,6,64,1,0,"Dailekh","Children Ever Born","Total",128236,1603,13163,19497,20882,25444,24545,23102
50,6,64,1,1,"Dailekh","Children Ever Born","Male",66649,871,6856,10156,10823,13138,12697,12108
50,6,64,1,2,"Dailekh","Children Ever Born","Female",61587,732,6307,9341,10059,12306,11848,10994
50,6,64,2,0,"Dailekh","Children Still Alive","Total",121822,1564,12855,18907,20153,24115,22924,21304
50,6,64,2,1,"Dailekh","Children Still Alive","Male",62965,851,6670,9818,10381,12373,11802,11070
50,6,64,2,2,"Dailekh","Children Still Alive","Female",58857,713,6185,9089,9772,11742,11122,10234
50,6,64,3,0,"Dailekh","Children Dead","Total",6414,39,308,590,729,1329,1621,1798
50,6,64,3,1,"Dailekh","Children Dead","Male",3684,20,186,338,442,765,895,1038
50,6,64,3,2,"Dailekh","Children Dead","Female",2730,19,122,252,287,564,726,760
50,6,65,1,0,"Jajarkot","Children Ever Born","Total",102270,1580,10886,14994,17503,20386,19712,17209
50,6,65,1,1,"Jajarkot","Children Ever Born","Male",52880,831,5648,7735,8969,10510,10216,8971
50,6,65,1,2,"Jajarkot","Children Ever Born","Female",49390,749,5238,7259,8534,9876,9496,8238
50,6,65,2,0,"Jajarkot","Children Still Alive","Total",94489,1515,10471,14318,16395,18847,17842,15101
50,6,65,2,1,"Jajarkot","Children Still Alive","Male",48294,789,5394,7345,8318,9605,9108,7735
50,6,65,2,2,"Jajarkot","Children Still Alive","Female",46195,726,5077,6973,8077,9242,8734,7366
50,6,65,3,0,"Jajarkot","Children Dead","Total",7781,65,415,676,1108,1539,1870,2108
50,6,65,3,1,"Jajarkot","Children Dead","Male",4586,42,254,390,651,905,1108,1236
50,6,65,3,2,"Jajarkot","Children Dead","Female",3195,23,161,286,457,634,762,872
50,6,66,1,0,"Rukum (West)","Children Ever Born","Total",84409,1440,9313,12955,15109,15651,16118,13823
50,6,66,1,1,"Rukum (West)","Children Ever Born","Male",43938,795,4905,6726,7915,8088,8371,7138
50,6,66,1,2,"Rukum (West)","Children Ever Born","Female",40471,645,4408,6229,7194,7563,7747,6685
50,6,66,2,0,"Rukum (West)","Children Still Alive","Total",80538,1411,9087,12593,14585,14917,15111,12834
50,6,66,2,1,"Rukum (West)","Children Still Alive","Male",41647,774,4774,6529,7602,7633,7769,6566
50,6,66,2,2,"Rukum (West)","Children Still Alive","Female",38891,637,4313,6064,6983,7284,7342,6268
50,6,66,3,0,"Rukum (West)","Children Dead","Total",3871,29,226,362,524,734,1007,989
50,6,66,3,1,"Rukum (West)","Children Dead","Male",2291,21,131,197,313,455,602,572
50,6,66,3,2,"Rukum (West)","Children Dead","Female",1580,8,95,165,211,279,405,417
50,6,67,1,0,"Salyan","Children Ever Born","Total",121212,1984,13051,18333,20557,22703,23411,21173
50,6,67,1,1,"Salyan","Children Ever Born","Male",62802,1020,6785,9560,10686,11646,12050,11055
50,6,67,1,2,"Salyan","Children Ever Born","Female",58410,964,6266,8773,9871,11057,11361,10118
50,6,67,2,0,"Salyan","Children Still Alive","Total",115487,1936,12734,17825,19743,21675,22003,19571
50,6,67,2,1,"Salyan","Children Still Alive","Male",59510,986,6603,9251,10223,11039,11268,10140
50,6,67,2,2,"Salyan","Children Still Alive","Female",55977,950,6131,8574,9520,10636,10735,9431
50,6,67,3,0,"Salyan","Children Dead","Total",5725,48,317,508,814,1028,1408,1602
50,6,67,3,1,"Salyan","Children Dead","Male",3292,34,182,309,463,607,782,915
50,6,67,3,2,"Salyan","Children Dead","Female",2433,14,135,199,351,421,626,687
50,6,68,1,0,"Surkhet","Children Ever Born","Total",201488,2900,18367,31221,37896,41234,37992,31878
50,6,68,1,1,"Surkhet","Children Ever Born","Male",106091,1531,9624,16488,20068,21884,19883,16613
50,6,68,1,2,"Surkhet","Children Ever Born","Female",95397,1369,8743,14733,17828,19350,18109,15265
50,6,68,2,0,"Surkhet","Children Still Alive","Total",192220,2830,17923,30310,36530,39370,35706,29551
50,6,68,2,1,"Surkhet","Children Still Alive","Male",100704,1485,9366,15939,19284,20792,18559,15279
50,6,68,2,2,"Surkhet","Children Still Alive","Female",91516,1345,8557,14371,17246,18578,17147,14272
50,6,68,3,0,"Surkhet","Children Dead","Total",9268,70,444,911,1366,1864,2286,2327
50,6,68,3,1,"Surkhet","Children Dead","Male",5387,46,258,549,784,1092,1324,1334
50,6,68,3,2,"Surkhet","Children Dead","Female",3881,24,186,362,582,772,962,993
50,7,69,1,0,"Bajura","Children Ever Born","Total",68746,715,6622,9243,11733,14481,13412,12540
50,7,69,1,1,"Bajura","Children Ever Born","Male",35944,375,3458,4814,6134,7464,7006,6693
50,7,69,1,2,"Bajura","Children Ever Born","Female",32802,340,3164,4429,5599,7017,6406,5847
50,7,69,2,0,"Bajura","Children Still Alive","Total",64391,698,6409,8911,11131,13518,12392,11332
50,7,69,2,1,"Bajura","Children Still Alive","Male",33510,364,3329,4617,5774,6929,6461,6036
50,7,69,2,2,"Bajura","Children Still Alive","Female",30881,334,3080,4294,5357,6589,5931,5296
50,7,69,3,0,"Bajura","Children Dead","Total",4355,17,213,332,602,963,1020,1208
50,7,69,3,1,"Bajura","Children Dead","Male",2434,11,129,197,360,535,545,657
50,7,69,3,2,"Bajura","Children Dead","Female",1921,6,84,135,242,428,475,551
50,7,70,1,0,"Bajhang","Children Ever Born","Total",97923,1050,8981,13658,17083,19792,20339,17020
50,7,70,1,1,"Bajhang","Children Ever Born","Male",51093,553,4708,7125,8814,10322,10574,8997
50,7,70,1,2,"Bajhang","Children Ever Born","Female",46830,497,4273,6533,8269,9470,9765,8023
50,7,70,2,0,"Bajhang","Children Still Alive","Total",92105,1022,8791,13166,16258,18611,18747,15510
50,7,70,2,1,"Bajhang","Children Still Alive","Male",47908,535,4610,6859,8338,9654,9725,8187
50,7,70,2,2,"Bajhang","Children Still Alive","Female",44197,487,4181,6307,7920,8957,9022,7323
50,7,70,3,0,"Bajhang","Children Dead","Total",5818,28,190,492,825,1181,1592,1510
50,7,70,3,1,"Bajhang","Children Dead","Male",3185,18,98,266,476,668,849,810
50,7,70,3,2,"Bajhang","Children Dead","Female",2633,10,92,226,349,513,743,700
50,7,71,1,0,"Darchula","Children Ever Born","Total",63377,601,5647,9193,11877,12937,12148,10974
50,7,71,1,1,"Darchula","Children Ever Born","Male",33041,317,2947,4819,6163,6615,6391,5789
50,7,71,1,2,"Darchula","Children Ever Born","Female",30336,284,2700,4374,5714,6322,5757,5185
50,7,71,2,0,"Darchula","Children Still Alive","Total",61402,581,5538,8975,11583,12539,11731,10455
50,7,71,2,1,"Darchula","Children Still Alive","Male",31934,307,2882,4690,6000,6399,6157,5499
50,7,71,2,2,"Darchula","Children Still Alive","Female",29468,274,2656,4285,5583,6140,5574,4956
50,7,71,3,0,"Darchula","Children Dead","Total",1975,20,109,218,294,398,417,519
50,7,71,3,1,"Darchula","Children Dead","Male",1107,10,65,129,163,216,234,290
50,7,71,3,2,"Darchula","Children Dead","Female",868,10,44,89,131,182,183,229
50,7,72,1,0,"Baitadi","Children Ever Born","Total",121290,815,10930,17912,21818,24477,23716,21622
50,7,72,1,1,"Baitadi","Children Ever Born","Male",63424,429,5759,9363,11408,12712,12338,11415
50,7,72,1,2,"Baitadi","Children Ever Born","Female",57866,386,5171,8549,10410,11765,11378,10207
50,7,72,2,0,"Baitadi","Children Still Alive","Total",116946,798,10734,17490,21212,23580,22638,20494
50,7,72,2,1,"Baitadi","Children Still Alive","Male",61009,422,5641,9112,11057,12216,11738,10823
50,7,72,2,2,"Baitadi","Children Still Alive","Female",55937,376,5093,8378,10155,11364,10900,9671
50,7,72,3,0,"Baitadi","Children Dead","Total",4344,17,196,422,606,897,1078,1128
50,7,72,3,1,"Baitadi","Children Dead","Male",2415,7,118,251,351,496,600,592
50,7,72,3,2,"Baitadi","Children Dead","Female",1929,10,78,171,255,401,478,536
50,7,73,1,0,"Dadeldhura","Children Ever Born","Total",70158,628,6282,10530,12352,14427,13234,12705
50,7,73,1,1,"Dadeldhura","Children Ever Born","Male",36946,325,3383,5533,6577,7521,6966,6641
50,7,73,1,2,"Dadeldhura","Children Ever Born","Female",33212,303,2899,4997,5775,6906,6268,6064
50,7,73,2,0,"Dadeldhura","Children Still Alive","Total",67201,611,6152,10288,11966,13775,12502,11907
50,7,73,2,1,"Dadeldhura","Children Still Alive","Male",35222,318,3304,5381,6335,7152,6548,6184
50,7,73,2,2,"Dadeldhura","Children Still Alive","Female",31979,293,2848,4907,5631,6623,5954,5723
50,7,73,3,0,"Dadeldhura","Children Dead","Total",2957,17,130,242,386,652,732,798
50,7,73,3,1,"Dadeldhura","Children Dead","Male",1724,7,79,152,242,369,418,457
50,7,73,3,2,"Dadeldhura","Children Dead","Female",1233,10,51,90,144,283,314,341
50,7,74,1,0,"Doti","Children Ever Born","Total",109138,727,9662,16733,20139,21691,21974,18212
50,7,74,1,1,"Doti","Children Ever Born","Male",56992,380,5137,8768,10566,11133,11491,9517
50,7,74,1,2,"Doti","Children Ever Born","Female",52146,347,4525,7965,9573,10558,10483,8695
50,7,74,2,0,"Doti","Children Still Alive","Total",104285,715,9456,16304,19434,20719,20724,16933
50,7,74,2,1,"Doti","Children Still Alive","Male",54307,371,5017,8525,10170,10612,10807,8805
50,7,74,2,2,"Doti","Children Still Alive","Female",49978,344,4439,7779,9264,10107,9917,8128
50,7,74,3,0,"Doti","Children Dead","Total",4853,12,206,429,705,972,1250,1279
50,7,74,3,1,"Doti","Children Dead","Male",2685,9,120,243,396,521,684,712
50,7,74,3,2,"Doti","Children Dead","Female",2168,3,86,186,309,451,566,567
50,7,75,1,0,"Achham","Children Ever Born","Total",121611,944,10251,17018,21649,24810,25158,21781
50,7,75,1,1,"Achham","Children Ever Born","Male",62698,509,5314,8786,10978,12751,12898,11462
50,7,75,1,2,"Achham","Children Ever Born","Female",58913,435,4937,8232,10671,12059,12260,10319
50,7,75,2,0,"Achham","Children Still Alive","Total",114775,918,9995,16480,20708,23534,23317,19823
50,7,75,2,1,"Achham","Children Still Alive","Male",58874,495,5165,8462,10466,12041,11897,10348
50,7,75,2,2,"Achham","Children Still Alive","Female",55901,423,4830,8018,10242,11493,11420,9475
50,7,75,3,0,"Achham","Children Dead","Total",6836,26,256,538,941,1276,1841,1958
50,7,75,3,1,"Achham","Children Dead","Male",3824,14,149,324,512,710,1001,1114
50,7,75,3,2,"Achham","Children Dead","Female",3012,12,107,214,429,566,840,844
50,7,76,1,0,"Kailali","Children Ever Born","Total",406724,2968,29110,59700,77818,88023,80380,68725
50,7,76,1,1,"Kailali","Children Ever Born","Male",214657,1599,15279,31599,41109,46360,42291,36420
50,7,76,1,2,"Kailali","Children Ever Born","Female",192067,1369,13831,28101,36709,41663,38089,32305
50,7,76,2,0,"Kailali","Children Still Alive","Total",389618,2903,28554,58336,75528,84411,75881,64005
50,7,76,2,1,"Kailali","Children Still Alive","Male",204836,1561,14956,30803,39794,44232,39727,33763
50,7,76,2,2,"Kailali","Children Still Alive","Female",184782,1342,13598,27533,35734,40179,36154,30242
50,7,76,3,0,"Kailali","Children Dead","Total",17106,65,556,1364,2290,3612,4499,4720
50,7,76,3,1,"Kailali","Children Dead","Male",9821,38,323,796,1315,2128,2564,2657
50,7,76,3,2,"Kailali","Children Dead","Female",7285,27,233,568,975,1484,1935,2063
50,7,77,1,0,"Kanchanpur","Children Ever Born","Total",245553,1521,17337,37140,46435,51771,49142,42207
50,7,77,1,1,"Kanchanpur","Children Ever Born","Male",130336,785,8996,20119,24754,27254,25910,22518
50,7,77,1,2,"Kanchanpur","Children Ever Born","Female",115217,736,8341,17021,21681,24517,23232,19689
50,7,77,2,0,"Kanchanpur","Children Still Alive","Total",236286,1486,17057,36350,45231,49805,46807,39550
50,7,77,2,1,"Kanchanpur","Children Still Alive","Male",125128,761,8837,19672,24068,26136,24641,21013
50,7,77,2,2,"Kanchanpur","Children Still Alive","Female",111158,725,8220,16678,21163,23669,22166,18537
50,7,77,3,0,"Kanchanpur","Children Dead","Total",9267,35,280,790,1204,1966,2335,2657
50,7,77,3,1,"Kanchanpur","Children Dead","Male",5208,24,159,447,686,1118,1269,1505
50,7,77,3,2,"Kanchanpur","Children Dead","Female",4059,11,121,343,518,848,1066,1152
